Country,Year,Variable,Source,Value,Unit
AFGHANISTAN,2015,IRRIGATED AGRICULTURAL AREA,FAO,2165.00,1000 ha
AFGHANISTAN,2014,IRRIGATED AGRICULTURAL AREA,FAO,2177.00,1000 ha
AFGHANISTAN,2013,IRRIGATED AGRICULTURAL AREA,FAO,2092.00,1000 ha
AFGHANISTAN,2012,IRRIGATED AGRICULTURAL AREA,FAO,2072.00,1000 ha
AFGHANISTAN,2011,IRRIGATED AGRICULTURAL AREA,FAO,2044.00,1000 ha
AFGHANISTAN,2010,IRRIGATED AGRICULTURAL AREA,FAO,1896.00,1000 ha
AFGHANISTAN,2009,IRRIGATED AGRICULTURAL AREA,FAO,1836.00,1000 ha
AFGHANISTAN,2008,IRRIGATED AGRICULTURAL AREA,FAO,2191.00,1000 ha
AFGHANISTAN,2007,IRRIGATED AGRICULTURAL AREA,FAO,2252.00,1000 ha
AFGHANISTAN,2006,IRRIGATED AGRICULTURAL AREA,FAO,2307.00,1000 ha
AFGHANISTAN,2005,IRRIGATED AGRICULTURAL AREA,FAO,2214.00,1000 ha
AFGHANISTAN,2004,IRRIGATED AGRICULTURAL AREA,FAO,2086.00,1000 ha
AFGHANISTAN,2003,IRRIGATED AGRICULTURAL AREA,FAO,2752.00,1000 ha
AFGHANISTAN,2002,IRRIGATED AGRICULTURAL AREA,FAO,1745.00,1000 ha
AFGHANISTAN,2001,IRRIGATED AGRICULTURAL AREA,FAO,2140.00,1000 ha
ALBANIA,2015,IRRIGATED AGRICULTURAL AREA,FAO,225.00,1000 ha
ALBANIA,2014,IRRIGATED AGRICULTURAL AREA,FAO,209.35,1000 ha
ALBANIA,2013,IRRIGATED AGRICULTURAL AREA,FAO,205.26,1000 ha
ALBANIA,2012,IRRIGATED AGRICULTURAL AREA,FAO,204.70,1000 ha
ALBANIA,2011,IRRIGATED AGRICULTURAL AREA,FAO,204.30,1000 ha
ALBANIA,2010,IRRIGATED AGRICULTURAL AREA,FAO,204.50,1000 ha
ALBANIA,2009,IRRIGATED AGRICULTURAL AREA,FAO,202.00,1000 ha
ALBANIA,2008,IRRIGATED AGRICULTURAL AREA,FAO,118.00,1000 ha
ALBANIA,2007,IRRIGATED AGRICULTURAL AREA,FAO,195.00,1000 ha
ALGERIA,2014,IRRIGATED AGRICULTURAL AREA,FAO,1147.30,1000 ha
ALGERIA,2013,IRRIGATED AGRICULTURAL AREA,FAO,1089.50,1000 ha
ALGERIA,2012,IRRIGATED AGRICULTURAL AREA,FAO,1042.92,1000 ha
ALGERIA,2011,IRRIGATED AGRICULTURAL AREA,FAO,987.01,1000 ha
ALGERIA,2010,IRRIGATED AGRICULTURAL AREA,FAO,985.22,1000 ha
ALGERIA,2009,IRRIGATED AGRICULTURAL AREA,FAO,884.34,1000 ha
ALGERIA,2008,IRRIGATED AGRICULTURAL AREA,FAO,855.72,1000 ha
ALGERIA,2007,IRRIGATED AGRICULTURAL AREA,FAO,905.00,1000 ha
ALGERIA,2006,IRRIGATED AGRICULTURAL AREA,FAO,835.00,1000 ha
ALGERIA,2005,IRRIGATED AGRICULTURAL AREA,FAO,825.00,1000 ha
ALGERIA,2004,IRRIGATED AGRICULTURAL AREA,FAO,793.00,1000 ha
ALGERIA,2003,IRRIGATED AGRICULTURAL AREA,FAO,722.00,1000 ha
ARGENTINA,2011,IRRIGATED AGRICULTURAL AREA,FAO,2162.00,1000 ha
ARGENTINA,2002,IRRIGATED AGRICULTURAL AREA,FAO,1356.00,1000 ha
ARMENIA,2015,IRRIGATED AGRICULTURAL AREA,FAO,154.70,1000 ha
ARMENIA,2014,IRRIGATED AGRICULTURAL AREA,FAO,154.60,1000 ha
ARMENIA,2013,IRRIGATED AGRICULTURAL AREA,FAO,154.20,1000 ha
ARMENIA,2011,IRRIGATED AGRICULTURAL AREA,FAO,154.60,1000 ha
ARMENIA,2010,IRRIGATED AGRICULTURAL AREA,FAO,155.20,1000 ha
ARMENIA,2009,IRRIGATED AGRICULTURAL AREA,FAO,155.80,1000 ha
ARMENIA,2008,IRRIGATED AGRICULTURAL AREA,FAO,155.76,1000 ha
ARMENIA,2007,IRRIGATED AGRICULTURAL AREA,FAO,154.60,1000 ha
ARMENIA,2006,IRRIGATED AGRICULTURAL AREA,FAO,153.90,1000 ha
AUSTRALIA,2015,IRRIGATED AGRICULTURAL AREA,FAO,2148.00,1000 ha
AUSTRALIA,2014,IRRIGATED AGRICULTURAL AREA,FAO,2345.00,1000 ha
AUSTRALIA,2013,IRRIGATED AGRICULTURAL AREA,FAO,2378.00,1000 ha
AUSTRALIA,2012,IRRIGATED AGRICULTURAL AREA,FAO,2141.00,1000 ha
AUSTRALIA,2011,IRRIGATED AGRICULTURAL AREA,FAO,1963.00,1000 ha
AUSTRALIA,2010,IRRIGATED AGRICULTURAL AREA,FAO,1841.00,1000 ha
AUSTRALIA,2009,IRRIGATED AGRICULTURAL AREA,FAO,1761.00,1000 ha
AUSTRALIA,2008,IRRIGATED AGRICULTURAL AREA,FAO,1851.00,1000 ha
AUSTRALIA,2007,IRRIGATED AGRICULTURAL AREA,FAO,1923.00,1000 ha
AUSTRALIA,2006,IRRIGATED AGRICULTURAL AREA,FAO,2546.00,1000 ha
AUSTRALIA,2005,IRRIGATED AGRICULTURAL AREA,FAO,2405.00,1000 ha
AUSTRALIA,2004,IRRIGATED AGRICULTURAL AREA,FAO,2402.00,1000 ha
AUSTRALIA,2003,IRRIGATED AGRICULTURAL AREA,FAO,2378.00,1000 ha
AUSTRALIA,2002,IRRIGATED AGRICULTURAL AREA,FAO,2545.00,1000 ha
AUSTRALIA,2001,IRRIGATED AGRICULTURAL AREA,FAO,2506.00,1000 ha
AUSTRIA,2013,IRRIGATED AGRICULTURAL AREA,FAO,52.13,1000 ha
AUSTRIA,2010,IRRIGATED AGRICULTURAL AREA,FAO,26.48,1000 ha
AUSTRIA,2007,IRRIGATED AGRICULTURAL AREA,FAO,44.00,1000 ha
AUSTRIA,2005,IRRIGATED AGRICULTURAL AREA,FAO,40.00,1000 ha
AUSTRIA,2003,IRRIGATED AGRICULTURAL AREA,FAO,34.00,1000 ha
AZERBAIJAN,2015,IRRIGATED AGRICULTURAL AREA,FAO,1431.00,1000 ha
AZERBAIJAN,2014,IRRIGATED AGRICULTURAL AREA,FAO,1417.70,1000 ha
AZERBAIJAN,2013,IRRIGATED AGRICULTURAL AREA,FAO,1414.30,1000 ha
AZERBAIJAN,2012,IRRIGATED AGRICULTURAL AREA,FAO,1407.90,1000 ha
AZERBAIJAN,2011,IRRIGATED AGRICULTURAL AREA,FAO,1404.60,1000 ha
AZERBAIJAN,2010,IRRIGATED AGRICULTURAL AREA,FAO,1405.10,1000 ha
AZERBAIJAN,2009,IRRIGATED AGRICULTURAL AREA,FAO,1404.60,1000 ha
AZERBAIJAN,2008,IRRIGATED AGRICULTURAL AREA,FAO,1429.50,1000 ha
AZERBAIJAN,2007,IRRIGATED AGRICULTURAL AREA,FAO,1429.60,1000 ha
AZERBAIJAN,2006,IRRIGATED AGRICULTURAL AREA,FAO,1428.50,1000 ha
AZERBAIJAN,2005,IRRIGATED AGRICULTURAL AREA,FAO,1430.00,1000 ha
AZERBAIJAN,2004,IRRIGATED AGRICULTURAL AREA,FAO,1428.00,1000 ha
AZERBAIJAN,2003,IRRIGATED AGRICULTURAL AREA,FAO,1423.00,1000 ha
AZERBAIJAN,2002,IRRIGATED AGRICULTURAL AREA,FAO,1423.00,1000 ha
AZERBAIJAN,2001,IRRIGATED AGRICULTURAL AREA,FAO,1423.00,1000 ha
BAHRAIN,2001,IRRIGATED AGRICULTURAL AREA,FAO,4.00,1000 ha
BANGLADESH,2006,IRRIGATED AGRICULTURAL AREA,FAO,4883.00,1000 ha
BANGLADESH,2005,IRRIGATED AGRICULTURAL AREA,FAO,4760.00,1000 ha
BANGLADESH,2004,IRRIGATED AGRICULTURAL AREA,FAO,4787.00,1000 ha
BELARUS,2015,IRRIGATED AGRICULTURAL AREA,FAO,30.00,1000 ha
BELARUS,2014,IRRIGATED AGRICULTURAL AREA,FAO,29.70,1000 ha
BELARUS,2013,IRRIGATED AGRICULTURAL AREA,FAO,29.60,1000 ha
BELARUS,2012,IRRIGATED AGRICULTURAL AREA,FAO,30.00,1000 ha
BELARUS,2011,IRRIGATED AGRICULTURAL AREA,FAO,30.60,1000 ha
BELARUS,2010,IRRIGATED AGRICULTURAL AREA,FAO,30.00,1000 ha
BELARUS,2009,IRRIGATED AGRICULTURAL AREA,FAO,47.00,1000 ha
BELARUS,2008,IRRIGATED AGRICULTURAL AREA,FAO,53.00,1000 ha
BELARUS,2007,IRRIGATED AGRICULTURAL AREA,FAO,111.00,1000 ha
BELARUS,2006,IRRIGATED AGRICULTURAL AREA,FAO,111.00,1000 ha
BELARUS,2005,IRRIGATED AGRICULTURAL AREA,FAO,114.00,1000 ha
BELARUS,2004,IRRIGATED AGRICULTURAL AREA,FAO,114.00,1000 ha
BELARUS,2003,IRRIGATED AGRICULTURAL AREA,FAO,114.00,1000 ha
BELARUS,2002,IRRIGATED AGRICULTURAL AREA,FAO,115.00,1000 ha
BELARUS,2001,IRRIGATED AGRICULTURAL AREA,FAO,115.00,1000 ha
BELGIUM,2013,IRRIGATED AGRICULTURAL AREA,FAO,5.70,1000 ha
BELGIUM,2007,IRRIGATED AGRICULTURAL AREA,FAO,5.70,1000 ha
BELGIUM,2005,IRRIGATED AGRICULTURAL AREA,FAO,3.40,1000 ha
BELGIUM,2003,IRRIGATED AGRICULTURAL AREA,FAO,1.90,1000 ha
BENIN,2008,IRRIGATED AGRICULTURAL AREA,FAO,9.30,1000 ha
BENIN,2002,IRRIGATED AGRICULTURAL AREA,FAO,17.20,1000 ha
BOLIVIA,2014,IRRIGATED AGRICULTURAL AREA,FAO,268.00,1000 ha
BOLIVIA,2011,IRRIGATED AGRICULTURAL AREA,FAO,297.00,1000 ha
BOLIVIA,2008,IRRIGATED AGRICULTURAL AREA,FAO,274.10,1000 ha
BOTSWANA,2014,IRRIGATED AGRICULTURAL AREA,FAO,2.50,1000 ha
BOTSWANA,2013,IRRIGATED AGRICULTURAL AREA,FAO,1.10,1000 ha
BOTSWANA,2012,IRRIGATED AGRICULTURAL AREA,FAO,1.10,1000 ha
BOTSWANA,2011,IRRIGATED AGRICULTURAL AREA,FAO,0.35,1000 ha
BOTSWANA,2010,IRRIGATED AGRICULTURAL AREA,FAO,0.75,1000 ha
BOTSWANA,2009,IRRIGATED AGRICULTURAL AREA,FAO,0.66,1000 ha
BOTSWANA,2008,IRRIGATED AGRICULTURAL AREA,FAO,1.50,1000 ha
BOTSWANA,2007,IRRIGATED AGRICULTURAL AREA,FAO,0.21,1000 ha
BOTSWANA,2006,IRRIGATED AGRICULTURAL AREA,FAO,0.30,1000 ha
BOTSWANA,2004,IRRIGATED AGRICULTURAL AREA,FAO,0.30,1000 ha
BOTSWANA,2003,IRRIGATED AGRICULTURAL AREA,FAO,0.14,1000 ha
BRAZIL,2006,IRRIGATED AGRICULTURAL AREA,FAO,4454.00,1000 ha
BRUNEI,2007,IRRIGATED AGRICULTURAL AREA,FAO,0.10,1000 ha
BRUNEI,2005,IRRIGATED AGRICULTURAL AREA,FAO,0.10,1000 ha
BRUNEI,2004,IRRIGATED AGRICULTURAL AREA,FAO,0.10,1000 ha
BRUNEI,2003,IRRIGATED AGRICULTURAL AREA,FAO,0.10,1000 ha
BRUNEI,2002,IRRIGATED AGRICULTURAL AREA,FAO,0.10,1000 ha
BULGARIA,2013,IRRIGATED AGRICULTURAL AREA,FAO,98.70,1000 ha
BULGARIA,2010,IRRIGATED AGRICULTURAL AREA,FAO,90.00,1000 ha
BULGARIA,2007,IRRIGATED AGRICULTURAL AREA,FAO,73.00,1000 ha
BULGARIA,2005,IRRIGATED AGRICULTURAL AREA,FAO,54.00,1000 ha
BULGARIA,2003,IRRIGATED AGRICULTURAL AREA,FAO,79.00,1000 ha
CANADA,2015,IRRIGATED AGRICULTURAL AREA,FAO,904.50,1000 ha
CANADA,2010,IRRIGATED AGRICULTURAL AREA,FAO,770.00,1000 ha
CANADA,2005,IRRIGATED AGRICULTURAL AREA,FAO,845.00,1000 ha
CHANNEL ISLANDS,2015,IRRIGATED AGRICULTURAL AREA,FAO,0.34,1000 ha
CHANNEL ISLANDS,2014,IRRIGATED AGRICULTURAL AREA,FAO,0.34,1000 ha
CHANNEL ISLANDS,2013,IRRIGATED AGRICULTURAL AREA,FAO,0.35,1000 ha
CHANNEL ISLANDS,2012,IRRIGATED AGRICULTURAL AREA,FAO,0.30,1000 ha
CHANNEL ISLANDS,2011,IRRIGATED AGRICULTURAL AREA,FAO,0.41,1000 ha
CHANNEL ISLANDS,2010,IRRIGATED AGRICULTURAL AREA,FAO,0.32,1000 ha
CHANNEL ISLANDS,2009,IRRIGATED AGRICULTURAL AREA,FAO,0.29,1000 ha
CHANNEL ISLANDS,2008,IRRIGATED AGRICULTURAL AREA,FAO,0.06,1000 ha
CHANNEL ISLANDS,2005,IRRIGATED AGRICULTURAL AREA,FAO,0.30,1000 ha
CHANNEL ISLANDS,2004,IRRIGATED AGRICULTURAL AREA,FAO,0.50,1000 ha
CHANNEL ISLANDS,2003,IRRIGATED AGRICULTURAL AREA,FAO,0.90,1000 ha
CHANNEL ISLANDS,2002,IRRIGATED AGRICULTURAL AREA,FAO,1.10,1000 ha
CHANNEL ISLANDS,2001,IRRIGATED AGRICULTURAL AREA,FAO,0.70,1000 ha
CHILE,2007,IRRIGATED AGRICULTURAL AREA,FAO,1094.00,1000 ha
COLOMBIA,2013,IRRIGATED AGRICULTURAL AREA,FAO,650.60,1000 ha
COLOMBIA,2011,IRRIGATED AGRICULTURAL AREA,FAO,394.00,1000 ha
CROATIA,2013,IRRIGATED AGRICULTURAL AREA,FAO,13.40,1000 ha
CROATIA,2010,IRRIGATED AGRICULTURAL AREA,FAO,14.50,1000 ha
CROATIA,2009,IRRIGATED AGRICULTURAL AREA,FAO,5.00,1000 ha
CROATIA,2007,IRRIGATED AGRICULTURAL AREA,FAO,4.60,1000 ha
CROATIA,2006,IRRIGATED AGRICULTURAL AREA,FAO,4.00,1000 ha
CYPRUS,2015,IRRIGATED AGRICULTURAL AREA,FAO,25.30,1000 ha
CYPRUS,2014,IRRIGATED AGRICULTURAL AREA,FAO,22.90,1000 ha
CYPRUS,2013,IRRIGATED AGRICULTURAL AREA,FAO,23.20,1000 ha
CYPRUS,2012,IRRIGATED AGRICULTURAL AREA,FAO,24.50,1000 ha
CYPRUS,2011,IRRIGATED AGRICULTURAL AREA,FAO,24.90,1000 ha
CYPRUS,2010,IRRIGATED AGRICULTURAL AREA,FAO,25.00,1000 ha
CYPRUS,2009,IRRIGATED AGRICULTURAL AREA,FAO,28.60,1000 ha
CYPRUS,2008,IRRIGATED AGRICULTURAL AREA,FAO,24.40,1000 ha
CYPRUS,2007,IRRIGATED AGRICULTURAL AREA,FAO,29.80,1000 ha
CYPRUS,2006,IRRIGATED AGRICULTURAL AREA,FAO,33.00,1000 ha
CYPRUS,2005,IRRIGATED AGRICULTURAL AREA,FAO,35.00,1000 ha
CYPRUS,2004,IRRIGATED AGRICULTURAL AREA,FAO,34.00,1000 ha
CYPRUS,2003,IRRIGATED AGRICULTURAL AREA,FAO,36.00,1000 ha
CYPRUS,2002,IRRIGATED AGRICULTURAL AREA,FAO,35.00,1000 ha
CYPRUS,2001,IRRIGATED AGRICULTURAL AREA,FAO,35.00,1000 ha
CZECH REPUBLIC,2014,IRRIGATED AGRICULTURAL AREA,FAO,18.00,1000 ha
CZECH REPUBLIC,2013,IRRIGATED AGRICULTURAL AREA,FAO,18.00,1000 ha
CZECH REPUBLIC,2012,IRRIGATED AGRICULTURAL AREA,FAO,20.00,1000 ha
CZECH REPUBLIC,2011,IRRIGATED AGRICULTURAL AREA,FAO,20.00,1000 ha
CZECH REPUBLIC,2010,IRRIGATED AGRICULTURAL AREA,FAO,19.00,1000 ha
CZECH REPUBLIC,2009,IRRIGATED AGRICULTURAL AREA,FAO,11.00,1000 ha
CZECH REPUBLIC,2008,IRRIGATED AGRICULTURAL AREA,FAO,10.00,1000 ha
CZECH REPUBLIC,2007,IRRIGATED AGRICULTURAL AREA,FAO,20.00,1000 ha
CZECH REPUBLIC,2005,IRRIGATED AGRICULTURAL AREA,FAO,17.00,1000 ha
CZECH REPUBLIC,2003,IRRIGATED AGRICULTURAL AREA,FAO,16.90,1000 ha
DENMARK,2013,IRRIGATED AGRICULTURAL AREA,FAO,242.00,1000 ha
DENMARK,2010,IRRIGATED AGRICULTURAL AREA,FAO,319.00,1000 ha
DENMARK,2009,IRRIGATED AGRICULTURAL AREA,FAO,254.00,1000 ha
DENMARK,2008,IRRIGATED AGRICULTURAL AREA,FAO,254.00,1000 ha
DENMARK,2007,IRRIGATED AGRICULTURAL AREA,FAO,254.00,1000 ha
DENMARK,2006,IRRIGATED AGRICULTURAL AREA,FAO,262.00,1000 ha
DENMARK,2005,IRRIGATED AGRICULTURAL AREA,FAO,262.00,1000 ha
DENMARK,2004,IRRIGATED AGRICULTURAL AREA,FAO,204.00,1000 ha
DENMARK,2003,IRRIGATED AGRICULTURAL AREA,FAO,201.50,1000 ha
DENMARK,2002,IRRIGATED AGRICULTURAL AREA,FAO,204.00,1000 ha
DENMARK,2001,IRRIGATED AGRICULTURAL AREA,FAO,204.00,1000 ha
DOMINICAN REPUBLIC,2011,IRRIGATED AGRICULTURAL AREA,FAO,208.40,1000 ha
DOMINICAN REPUBLIC,2010,IRRIGATED AGRICULTURAL AREA,FAO,207.50,1000 ha
DOMINICAN REPUBLIC,2009,IRRIGATED AGRICULTURAL AREA,FAO,215.00,1000 ha
DOMINICAN REPUBLIC,2008,IRRIGATED AGRICULTURAL AREA,FAO,212.20,1000 ha
DOMINICAN REPUBLIC,2007,IRRIGATED AGRICULTURAL AREA,FAO,215.00,1000 ha
DOMINICAN REPUBLIC,2006,IRRIGATED AGRICULTURAL AREA,FAO,222.20,1000 ha
DOMINICAN REPUBLIC,2005,IRRIGATED AGRICULTURAL AREA,FAO,240.20,1000 ha
DOMINICAN REPUBLIC,2004,IRRIGATED AGRICULTURAL AREA,FAO,216.20,1000 ha
DOMINICAN REPUBLIC,2003,IRRIGATED AGRICULTURAL AREA,FAO,189.30,1000 ha
DOMINICAN REPUBLIC,2002,IRRIGATED AGRICULTURAL AREA,FAO,199.22,1000 ha
DOMINICAN REPUBLIC,2001,IRRIGATED AGRICULTURAL AREA,FAO,223.89,1000 ha
ECUADOR,2014,IRRIGATED AGRICULTURAL AREA,FAO,940.00,1000 ha
ECUADOR,2013,IRRIGATED AGRICULTURAL AREA,FAO,945.00,1000 ha
ECUADOR,2012,IRRIGATED AGRICULTURAL AREA,FAO,948.00,1000 ha
ECUADOR,2011,IRRIGATED AGRICULTURAL AREA,FAO,938.00,1000 ha
ECUADOR,2010,IRRIGATED AGRICULTURAL AREA,FAO,942.00,1000 ha
ECUADOR,2009,IRRIGATED AGRICULTURAL AREA,FAO,952.00,1000 ha
ECUADOR,2008,IRRIGATED AGRICULTURAL AREA,FAO,758.00,1000 ha
ECUADOR,2007,IRRIGATED AGRICULTURAL AREA,FAO,797.00,1000 ha
ECUADOR,2006,IRRIGATED AGRICULTURAL AREA,FAO,761.00,1000 ha
ECUADOR,2005,IRRIGATED AGRICULTURAL AREA,FAO,752.00,1000 ha
ECUADOR,2004,IRRIGATED AGRICULTURAL AREA,FAO,717.00,1000 ha
ECUADOR,2003,IRRIGATED AGRICULTURAL AREA,FAO,672.00,1000 ha
ECUADOR,2002,IRRIGATED AGRICULTURAL AREA,FAO,643.00,1000 ha
EL SALVADOR,2014,IRRIGATED AGRICULTURAL AREA,FAO,21.40,1000 ha
EL SALVADOR,2013,IRRIGATED AGRICULTURAL AREA,FAO,20.50,1000 ha
EL SALVADOR,2012,IRRIGATED AGRICULTURAL AREA,FAO,19.70,1000 ha
EL SALVADOR,2011,IRRIGATED AGRICULTURAL AREA,FAO,15.80,1000 ha
EL SALVADOR,2010,IRRIGATED AGRICULTURAL AREA,FAO,17.00,1000 ha
EL SALVADOR,2009,IRRIGATED AGRICULTURAL AREA,FAO,31.50,1000 ha
EL SALVADOR,2008,IRRIGATED AGRICULTURAL AREA,FAO,28.00,1000 ha
EL SALVADOR,2007,IRRIGATED AGRICULTURAL AREA,FAO,25.00,1000 ha
EL SALVADOR,2006,IRRIGATED AGRICULTURAL AREA,FAO,32.50,1000 ha
EL SALVADOR,2005,IRRIGATED AGRICULTURAL AREA,FAO,30.10,1000 ha
EL SALVADOR,2004,IRRIGATED AGRICULTURAL AREA,FAO,28.20,1000 ha
EL SALVADOR,2003,IRRIGATED AGRICULTURAL AREA,FAO,28.50,1000 ha
ESTONIA,2013,IRRIGATED AGRICULTURAL AREA,FAO,0.30,1000 ha
ESTONIA,2010,IRRIGATED AGRICULTURAL AREA,FAO,0.30,1000 ha
ESTONIA,2005,IRRIGATED AGRICULTURAL AREA,FAO,0.60,1000 ha
ETHIOPIA,2011,IRRIGATED AGRICULTURAL AREA,FAO,164.60,1000 ha
ETHIOPIA,2010,IRRIGATED AGRICULTURAL AREA,FAO,182.00,1000 ha
ETHIOPIA,2009,IRRIGATED AGRICULTURAL AREA,FAO,154.40,1000 ha
ETHIOPIA,2008,IRRIGATED AGRICULTURAL AREA,FAO,164.37,1000 ha
ETHIOPIA,2007,IRRIGATED AGRICULTURAL AREA,FAO,179.80,1000 ha
ETHIOPIA,2006,IRRIGATED AGRICULTURAL AREA,FAO,134.50,1000 ha
ETHIOPIA,2005,IRRIGATED AGRICULTURAL AREA,FAO,146.90,1000 ha
ETHIOPIA,2004,IRRIGATED AGRICULTURAL AREA,FAO,121.50,1000 ha
ETHIOPIA,2003,IRRIGATED AGRICULTURAL AREA,FAO,120.60,1000 ha
ETHIOPIA,2002,IRRIGATED AGRICULTURAL AREA,FAO,99.00,1000 ha
ETHIOPIA,2001,IRRIGATED AGRICULTURAL AREA,FAO,99.00,1000 ha
FINLAND,2013,IRRIGATED AGRICULTURAL AREA,FAO,9.50,1000 ha
FINLAND,2010,IRRIGATED AGRICULTURAL AREA,FAO,15.02,1000 ha
FRANCE,2013,IRRIGATED AGRICULTURAL AREA,FAO,1423.60,1000 ha
FRANCE,2010,IRRIGATED AGRICULTURAL AREA,FAO,1583.60,1000 ha
FRANCE,2007,IRRIGATED AGRICULTURAL AREA,FAO,1511.70,1000 ha
FRANCE,2005,IRRIGATED AGRICULTURAL AREA,FAO,1696.40,1000 ha
GEORGIA,2008,IRRIGATED AGRICULTURAL AREA,FAO,101.00,1000 ha
GEORGIA,2007,IRRIGATED AGRICULTURAL AREA,FAO,105.00,1000 ha
GEORGIA,2006,IRRIGATED AGRICULTURAL AREA,FAO,100.00,1000 ha
GERMANY,2013,IRRIGATED AGRICULTURAL AREA,FAO,365.60,1000 ha
GERMANY,2009,IRRIGATED AGRICULTURAL AREA,FAO,373.00,1000 ha
GERMANY,2006,IRRIGATED AGRICULTURAL AREA,FAO,234.60,1000 ha
GHANA,2014,IRRIGATED AGRICULTURAL AREA,FAO,36.00,1000 ha
GHANA,2013,IRRIGATED AGRICULTURAL AREA,FAO,28.00,1000 ha
GHANA,2012,IRRIGATED AGRICULTURAL AREA,FAO,30.00,1000 ha
GHANA,2011,IRRIGATED AGRICULTURAL AREA,FAO,30.00,1000 ha
GHANA,2010,IRRIGATED AGRICULTURAL AREA,FAO,30.00,1000 ha
GHANA,2009,IRRIGATED AGRICULTURAL AREA,FAO,30.00,1000 ha
GHANA,2007,IRRIGATED AGRICULTURAL AREA,FAO,11.00,1000 ha
GHANA,2006,IRRIGATED AGRICULTURAL AREA,FAO,18.00,1000 ha
GHANA,2005,IRRIGATED AGRICULTURAL AREA,FAO,11.00,1000 ha
GREECE,2014,IRRIGATED AGRICULTURAL AREA,FAO,1293.00,1000 ha
GREECE,2013,IRRIGATED AGRICULTURAL AREA,FAO,1373.00,1000 ha
GREECE,2012,IRRIGATED AGRICULTURAL AREA,FAO,1377.00,1000 ha
GREECE,2011,IRRIGATED AGRICULTURAL AREA,FAO,1380.00,1000 ha
GREECE,2010,IRRIGATED AGRICULTURAL AREA,FAO,1372.00,1000 ha
GREECE,2009,IRRIGATED AGRICULTURAL AREA,FAO,1378.00,1000 ha
GREECE,2008,IRRIGATED AGRICULTURAL AREA,FAO,1426.00,1000 ha
GREECE,2007,IRRIGATED AGRICULTURAL AREA,FAO,1448.00,1000 ha
GREECE,2006,IRRIGATED AGRICULTURAL AREA,FAO,1466.00,1000 ha
GREECE,2005,IRRIGATED AGRICULTURAL AREA,FAO,1330.00,1000 ha
GREECE,2003,IRRIGATED AGRICULTURAL AREA,FAO,1311.00,1000 ha
GRENADA,2008,IRRIGATED AGRICULTURAL AREA,FAO,0.20,1000 ha
GUADELOUPE,2007,IRRIGATED AGRICULTURAL AREA,FAO,3.07,1000 ha
GUADELOUPE,2005,IRRIGATED AGRICULTURAL AREA,FAO,2.30,1000 ha
GUATEMALA,2003,IRRIGATED AGRICULTURAL AREA,FAO,312.10,1000 ha
GUINEA,2003,IRRIGATED AGRICULTURAL AREA,FAO,94.90,1000 ha
GUYANA,2003,IRRIGATED AGRICULTURAL AREA,FAO,127.50,1000 ha
HAITI,2013,IRRIGATED AGRICULTURAL AREA,FAO,80.00,1000 ha
HAITI,2009,IRRIGATED AGRICULTURAL AREA,FAO,97.00,1000 ha
HONDURAS,2005,IRRIGATED AGRICULTURAL AREA,FAO,81.63,1000 ha
HUNGARY,2015,IRRIGATED AGRICULTURAL AREA,FAO,124.30,1000 ha
HUNGARY,2014,IRRIGATED AGRICULTURAL AREA,FAO,99.32,1000 ha
HUNGARY,2013,IRRIGATED AGRICULTURAL AREA,FAO,118.80,1000 ha
HUNGARY,2012,IRRIGATED AGRICULTURAL AREA,FAO,124.80,1000 ha
HUNGARY,2011,IRRIGATED AGRICULTURAL AREA,FAO,101.10,1000 ha
HUNGARY,2010,IRRIGATED AGRICULTURAL AREA,FAO,44.90,1000 ha
HUNGARY,2009,IRRIGATED AGRICULTURAL AREA,FAO,106.76,1000 ha
HUNGARY,2008,IRRIGATED AGRICULTURAL AREA,FAO,80.04,1000 ha
HUNGARY,2007,IRRIGATED AGRICULTURAL AREA,FAO,120.89,1000 ha
HUNGARY,2006,IRRIGATED AGRICULTURAL AREA,FAO,77.92,1000 ha
HUNGARY,2005,IRRIGATED AGRICULTURAL AREA,FAO,75.10,1000 ha
HUNGARY,2004,IRRIGATED AGRICULTURAL AREA,FAO,119.92,1000 ha
HUNGARY,2003,IRRIGATED AGRICULTURAL AREA,FAO,149.00,1000 ha
INDIA,2013,IRRIGATED AGRICULTURAL AREA,FAO,66103.00,1000 ha
INDIA,2012,IRRIGATED AGRICULTURAL AREA,FAO,65263.00,1000 ha
INDIA,2011,IRRIGATED AGRICULTURAL AREA,FAO,63601.00,1000 ha
INDIA,2010,IRRIGATED AGRICULTURAL AREA,FAO,61939.00,1000 ha
INDIA,2009,IRRIGATED AGRICULTURAL AREA,FAO,63639.00,1000 ha
INDIA,2008,IRRIGATED AGRICULTURAL AREA,FAO,62286.00,1000 ha
INDIA,2007,IRRIGATED AGRICULTURAL AREA,FAO,62745.00,1000 ha
INDIA,2006,IRRIGATED AGRICULTURAL AREA,FAO,60838.00,1000 ha
INDIA,2005,IRRIGATED AGRICULTURAL AREA,FAO,59206.00,1000 ha
INDIA,2004,IRRIGATED AGRICULTURAL AREA,FAO,57058.00,1000 ha
INDIA,2003,IRRIGATED AGRICULTURAL AREA,FAO,55397.00,1000 ha
INDIA,2002,IRRIGATED AGRICULTURAL AREA,FAO,56936.00,1000 ha
INDIA,2001,IRRIGATED AGRICULTURAL AREA,FAO,58130.00,1000 ha
IRAN,2014,IRRIGATED AGRICULTURAL AREA,FAO,7619.40,1000 ha
IRAN,2013,IRRIGATED AGRICULTURAL AREA,FAO,7681.00,1000 ha
IRAN,2012,IRRIGATED AGRICULTURAL AREA,FAO,7742.60,1000 ha
IRAN,2011,IRRIGATED AGRICULTURAL AREA,FAO,7804.20,1000 ha
IRAN,2010,IRRIGATED AGRICULTURAL AREA,FAO,7865.80,1000 ha
IRAN,2009,IRRIGATED AGRICULTURAL AREA,FAO,7927.40,1000 ha
IRAN,2008,IRRIGATED AGRICULTURAL AREA,FAO,8156.00,1000 ha
ISRAEL,2013,IRRIGATED AGRICULTURAL AREA,FAO,0.10,1000 ha
ISRAEL,2010,IRRIGATED AGRICULTURAL AREA,FAO,164.40,1000 ha
ISRAEL,2009,IRRIGATED AGRICULTURAL AREA,FAO,148.30,1000 ha
ISRAEL,2007,IRRIGATED AGRICULTURAL AREA,FAO,155.50,1000 ha
ISRAEL,2006,IRRIGATED AGRICULTURAL AREA,FAO,181.50,1000 ha
ISRAEL,2002,IRRIGATED AGRICULTURAL AREA,FAO,174.00,1000 ha
ISRAEL,2001,IRRIGATED AGRICULTURAL AREA,FAO,177.00,1000 ha
ITALY,2013,IRRIGATED AGRICULTURAL AREA,FAO,2601.00,1000 ha
ITALY,2010,IRRIGATED AGRICULTURAL AREA,FAO,2411.00,1000 ha
ITALY,2007,IRRIGATED AGRICULTURAL AREA,FAO,2666.00,1000 ha
ITALY,2005,IRRIGATED AGRICULTURAL AREA,FAO,2613.00,1000 ha
ITALY,2003,IRRIGATED AGRICULTURAL AREA,FAO,2733.00,1000 ha
ITALY,2001,IRRIGATED AGRICULTURAL AREA,FAO,2471.00,1000 ha
JAMAICA,2010,IRRIGATED AGRICULTURAL AREA,FAO,30.70,1000 ha
JAPAN,2014,IRRIGATED AGRICULTURAL AREA,FAO,1573.00,1000 ha
JAPAN,2013,IRRIGATED AGRICULTURAL AREA,FAO,1597.00,1000 ha
JAPAN,2012,IRRIGATED AGRICULTURAL AREA,FAO,1579.00,1000 ha
JAPAN,2011,IRRIGATED AGRICULTURAL AREA,FAO,1574.00,1000 ha
JAPAN,2010,IRRIGATED AGRICULTURAL AREA,FAO,1625.00,1000 ha
JAPAN,2009,IRRIGATED AGRICULTURAL AREA,FAO,1621.00,1000 ha
JAPAN,2008,IRRIGATED AGRICULTURAL AREA,FAO,1624.00,1000 ha
JAPAN,2007,IRRIGATED AGRICULTURAL AREA,FAO,1669.00,1000 ha
JAPAN,2006,IRRIGATED AGRICULTURAL AREA,FAO,1684.00,1000 ha
JAPAN,2005,IRRIGATED AGRICULTURAL AREA,FAO,1702.00,1000 ha
JAPAN,2004,IRRIGATED AGRICULTURAL AREA,FAO,1697.00,1000 ha
JAPAN,2003,IRRIGATED AGRICULTURAL AREA,FAO,1660.00,1000 ha
JAPAN,2002,IRRIGATED AGRICULTURAL AREA,FAO,1683.00,1000 ha
JAPAN,2001,IRRIGATED AGRICULTURAL AREA,FAO,1700.00,1000 ha
JORDAN,2015,IRRIGATED AGRICULTURAL AREA,FAO,103.40,1000 ha
JORDAN,2014,IRRIGATED AGRICULTURAL AREA,FAO,105.00,1000 ha
JORDAN,2013,IRRIGATED AGRICULTURAL AREA,FAO,103.40,1000 ha
JORDAN,2012,IRRIGATED AGRICULTURAL AREA,FAO,95.70,1000 ha
JORDAN,2011,IRRIGATED AGRICULTURAL AREA,FAO,96.30,1000 ha
JORDAN,2010,IRRIGATED AGRICULTURAL AREA,FAO,96.40,1000 ha
JORDAN,2009,IRRIGATED AGRICULTURAL AREA,FAO,94.80,1000 ha
JORDAN,2008,IRRIGATED AGRICULTURAL AREA,FAO,92.80,1000 ha
JORDAN,2007,IRRIGATED AGRICULTURAL AREA,FAO,72.00,1000 ha
JORDAN,2006,IRRIGATED AGRICULTURAL AREA,FAO,76.20,1000 ha
JORDAN,2005,IRRIGATED AGRICULTURAL AREA,FAO,80.00,1000 ha
JORDAN,2004,IRRIGATED AGRICULTURAL AREA,FAO,76.00,1000 ha
JORDAN,2003,IRRIGATED AGRICULTURAL AREA,FAO,71.00,1000 ha
JORDAN,2002,IRRIGATED AGRICULTURAL AREA,FAO,75.00,1000 ha
JORDAN,2001,IRRIGATED AGRICULTURAL AREA,FAO,73.00,1000 ha
KAZAKHSTAN,2010,IRRIGATED AGRICULTURAL AREA,FAO,1265.00,1000 ha
KYRGYZSTAN,2014,IRRIGATED AGRICULTURAL AREA,FAO,1003.10,1000 ha
KYRGYZSTAN,2013,IRRIGATED AGRICULTURAL AREA,FAO,1002.90,1000 ha
KYRGYZSTAN,2012,IRRIGATED AGRICULTURAL AREA,FAO,999.80,1000 ha
KYRGYZSTAN,2011,IRRIGATED AGRICULTURAL AREA,FAO,999.60,1000 ha
KYRGYZSTAN,2010,IRRIGATED AGRICULTURAL AREA,FAO,998.00,1000 ha
KYRGYZSTAN,2009,IRRIGATED AGRICULTURAL AREA,FAO,997.50,1000 ha
KYRGYZSTAN,2008,IRRIGATED AGRICULTURAL AREA,FAO,998.20,1000 ha
KYRGYZSTAN,2007,IRRIGATED AGRICULTURAL AREA,FAO,999.20,1000 ha
KYRGYZSTAN,2006,IRRIGATED AGRICULTURAL AREA,FAO,998.90,1000 ha
KYRGYZSTAN,2005,IRRIGATED AGRICULTURAL AREA,FAO,1001.00,1000 ha
KYRGYZSTAN,2004,IRRIGATED AGRICULTURAL AREA,FAO,1023.00,1000 ha
KYRGYZSTAN,2003,IRRIGATED AGRICULTURAL AREA,FAO,1027.00,1000 ha
KYRGYZSTAN,2002,IRRIGATED AGRICULTURAL AREA,FAO,1027.00,1000 ha
KYRGYZSTAN,2001,IRRIGATED AGRICULTURAL AREA,FAO,1027.00,1000 ha
LAOS,2014,IRRIGATED AGRICULTURAL AREA,FAO,273.00,1000 ha
LAOS,2013,IRRIGATED AGRICULTURAL AREA,FAO,284.00,1000 ha
LAOS,2012,IRRIGATED AGRICULTURAL AREA,FAO,268.00,1000 ha
LAOS,2011,IRRIGATED AGRICULTURAL AREA,FAO,260.00,1000 ha
LAOS,2005,IRRIGATED AGRICULTURAL AREA,FAO,270.71,1000 ha
LAOS,2004,IRRIGATED AGRICULTURAL AREA,FAO,180.51,1000 ha
LAOS,2003,IRRIGATED AGRICULTURAL AREA,FAO,300.21,1000 ha
LATVIA,2013,IRRIGATED AGRICULTURAL AREA,FAO,0.41,1000 ha
LATVIA,2010,IRRIGATED AGRICULTURAL AREA,FAO,0.71,1000 ha
LATVIA,2007,IRRIGATED AGRICULTURAL AREA,FAO,0.62,1000 ha
LESOTHO,2013,IRRIGATED AGRICULTURAL AREA,FAO,1.20,1000 ha
LESOTHO,2012,IRRIGATED AGRICULTURAL AREA,FAO,1.10,1000 ha
LESOTHO,2011,IRRIGATED AGRICULTURAL AREA,FAO,0.90,1000 ha
LESOTHO,2010,IRRIGATED AGRICULTURAL AREA,FAO,0.80,1000 ha
LESOTHO,2009,IRRIGATED AGRICULTURAL AREA,FAO,0.80,1000 ha
LESOTHO,2008,IRRIGATED AGRICULTURAL AREA,FAO,0.80,1000 ha
LITHUANIA,2013,IRRIGATED AGRICULTURAL AREA,FAO,1.60,1000 ha
LITHUANIA,2010,IRRIGATED AGRICULTURAL AREA,FAO,1.50,1000 ha
LITHUANIA,2009,IRRIGATED AGRICULTURAL AREA,FAO,1.30,1000 ha
LITHUANIA,2008,IRRIGATED AGRICULTURAL AREA,FAO,1.28,1000 ha
LITHUANIA,2007,IRRIGATED AGRICULTURAL AREA,FAO,1.00,1000 ha
LITHUANIA,2005,IRRIGATED AGRICULTURAL AREA,FAO,0.23,1000 ha
MACEDONIA,2007,IRRIGATED AGRICULTURAL AREA,FAO,79.60,1000 ha
MADAGASCAR,2007,IRRIGATED AGRICULTURAL AREA,FAO,890.00,1000 ha
MADAGASCAR,2006,IRRIGATED AGRICULTURAL AREA,FAO,890.00,1000 ha
MADAGASCAR,2005,IRRIGATED AGRICULTURAL AREA,FAO,890.00,1000 ha
MADAGASCAR,2004,IRRIGATED AGRICULTURAL AREA,FAO,890.00,1000 ha
MADAGASCAR,2003,IRRIGATED AGRICULTURAL AREA,FAO,890.00,1000 ha
MADAGASCAR,2002,IRRIGATED AGRICULTURAL AREA,FAO,890.00,1000 ha
MADAGASCAR,2001,IRRIGATED AGRICULTURAL AREA,FAO,890.00,1000 ha
MALAWI,2008,IRRIGATED AGRICULTURAL AREA,FAO,29.00,1000 ha
MALAWI,2007,IRRIGATED AGRICULTURAL AREA,FAO,37.00,1000 ha
MALAWI,2006,IRRIGATED AGRICULTURAL AREA,FAO,28.00,1000 ha
MALAWI,2005,IRRIGATED AGRICULTURAL AREA,FAO,30.00,1000 ha
MALTA,2014,IRRIGATED AGRICULTURAL AREA,FAO,3.70,1000 ha
MALTA,2013,IRRIGATED AGRICULTURAL AREA,FAO,3.70,1000 ha
MALTA,2012,IRRIGATED AGRICULTURAL AREA,FAO,3.50,1000 ha
MALTA,2011,IRRIGATED AGRICULTURAL AREA,FAO,3.50,1000 ha
MALTA,2010,IRRIGATED AGRICULTURAL AREA,FAO,3.50,1000 ha
MALTA,2009,IRRIGATED AGRICULTURAL AREA,FAO,2.80,1000 ha
MALTA,2008,IRRIGATED AGRICULTURAL AREA,FAO,2.80,1000 ha
MALTA,2007,IRRIGATED AGRICULTURAL AREA,FAO,2.80,1000 ha
MALTA,2005,IRRIGATED AGRICULTURAL AREA,FAO,2.40,1000 ha
MALTA,2003,IRRIGATED AGRICULTURAL AREA,FAO,2.10,1000 ha
MARTINIQUE,2007,IRRIGATED AGRICULTURAL AREA,FAO,5.00,1000 ha
MARTINIQUE,2005,IRRIGATED AGRICULTURAL AREA,FAO,5.00,1000 ha
MAURITANIA,2004,IRRIGATED AGRICULTURAL AREA,FAO,22.84,1000 ha
MAURITIUS,2015,IRRIGATED AGRICULTURAL AREA,FAO,16.60,1000 ha
MAURITIUS,2014,IRRIGATED AGRICULTURAL AREA,FAO,17.00,1000 ha
MAURITIUS,2013,IRRIGATED AGRICULTURAL AREA,FAO,19.00,1000 ha
MAURITIUS,2012,IRRIGATED AGRICULTURAL AREA,FAO,19.00,1000 ha
MAURITIUS,2011,IRRIGATED AGRICULTURAL AREA,FAO,20.00,1000 ha
MAURITIUS,2010,IRRIGATED AGRICULTURAL AREA,FAO,20.00,1000 ha
MAURITIUS,2009,IRRIGATED AGRICULTURAL AREA,FAO,21.00,1000 ha
MAURITIUS,2008,IRRIGATED AGRICULTURAL AREA,FAO,21.00,1000 ha
MAURITIUS,2007,IRRIGATED AGRICULTURAL AREA,FAO,21.00,1000 ha
MAURITIUS,2006,IRRIGATED AGRICULTURAL AREA,FAO,21.00,1000 ha
MAURITIUS,2005,IRRIGATED AGRICULTURAL AREA,FAO,21.00,1000 ha
MAURITIUS,2004,IRRIGATED AGRICULTURAL AREA,FAO,21.00,1000 ha
MAURITIUS,2003,IRRIGATED AGRICULTURAL AREA,FAO,22.00,1000 ha
MAURITIUS,2002,IRRIGATED AGRICULTURAL AREA,FAO,21.00,1000 ha
MAYOTTE,2010,IRRIGATED AGRICULTURAL AREA,FAO,0.13,1000 ha
MEXICO,2014,IRRIGATED AGRICULTURAL AREA,FAO,5869.00,1000 ha
MEXICO,2013,IRRIGATED AGRICULTURAL AREA,FAO,5794.00,1000 ha
MEXICO,2012,IRRIGATED AGRICULTURAL AREA,FAO,5721.00,1000 ha
MEXICO,2011,IRRIGATED AGRICULTURAL AREA,FAO,6469.00,1000 ha
MEXICO,2010,IRRIGATED AGRICULTURAL AREA,FAO,5914.00,1000 ha
MEXICO,2009,IRRIGATED AGRICULTURAL AREA,FAO,5626.00,1000 ha
MEXICO,2008,IRRIGATED AGRICULTURAL AREA,FAO,5613.00,1000 ha
MEXICO,2007,IRRIGATED AGRICULTURAL AREA,FAO,5311.00,1000 ha
MEXICO,2006,IRRIGATED AGRICULTURAL AREA,FAO,5400.00,1000 ha
MEXICO,2005,IRRIGATED AGRICULTURAL AREA,FAO,5387.00,1000 ha
MEXICO,2004,IRRIGATED AGRICULTURAL AREA,FAO,2081.00,1000 ha
MEXICO,2003,IRRIGATED AGRICULTURAL AREA,FAO,2032.00,1000 ha
MOROCCO,2011,IRRIGATED AGRICULTURAL AREA,FAO,1386.50,1000 ha
MOROCCO,2010,IRRIGATED AGRICULTURAL AREA,FAO,1363.90,1000 ha
MOROCCO,2009,IRRIGATED AGRICULTURAL AREA,FAO,1370.50,1000 ha
MOROCCO,2008,IRRIGATED AGRICULTURAL AREA,FAO,1317.00,1000 ha
MOROCCO,2007,IRRIGATED AGRICULTURAL AREA,FAO,1224.20,1000 ha
MOROCCO,2006,IRRIGATED AGRICULTURAL AREA,FAO,1161.90,1000 ha
MOROCCO,2005,IRRIGATED AGRICULTURAL AREA,FAO,1291.00,1000 ha
MOROCCO,2004,IRRIGATED AGRICULTURAL AREA,FAO,1291.00,1000 ha
MOZAMBIQUE,2001,IRRIGATED AGRICULTURAL AREA,FAO,40.06,1000 ha
NEPAL,2010,IRRIGATED AGRICULTURAL AREA,FAO,1227.00,1000 ha
NEPAL,2009,IRRIGATED AGRICULTURAL AREA,FAO,1093.00,1000 ha
NEPAL,2008,IRRIGATED AGRICULTURAL AREA,FAO,1074.00,1000 ha
NEPAL,2007,IRRIGATED AGRICULTURAL AREA,FAO,1059.00,1000 ha
NEPAL,2006,IRRIGATED AGRICULTURAL AREA,FAO,1031.00,1000 ha
NETHERLANDS,2013,IRRIGATED AGRICULTURAL AREA,FAO,101.80,1000 ha
NETHERLANDS,2010,IRRIGATED AGRICULTURAL AREA,FAO,137.00,1000 ha
NETHERLANDS,2007,IRRIGATED AGRICULTURAL AREA,FAO,202.00,1000 ha
NETHERLANDS,2005,IRRIGATED AGRICULTURAL AREA,FAO,93.00,1000 ha
NEW ZEALAND,2015,IRRIGATED AGRICULTURAL AREA,FAO,700.00,1000 ha
NEW ZEALAND,2014,IRRIGATED AGRICULTURAL AREA,FAO,700.00,1000 ha
NEW ZEALAND,2007,IRRIGATED AGRICULTURAL AREA,FAO,509.00,1000 ha
NEW ZEALAND,2002,IRRIGATED AGRICULTURAL AREA,FAO,384.00,1000 ha
NIGER,2005,IRRIGATED AGRICULTURAL AREA,FAO,65.61,1000 ha
NIGERIA,2004,IRRIGATED AGRICULTURAL AREA,FAO,218.80,1000 ha
NORWAY,2013,IRRIGATED AGRICULTURAL AREA,FAO,19.45,1000 ha
NORWAY,2012,IRRIGATED AGRICULTURAL AREA,FAO,19.66,1000 ha
NORWAY,2010,IRRIGATED AGRICULTURAL AREA,FAO,43.60,1000 ha
NORWAY,2007,IRRIGATED AGRICULTURAL AREA,FAO,55.00,1000 ha
NORWAY,2006,IRRIGATED AGRICULTURAL AREA,FAO,56.00,1000 ha
NORWAY,2005,IRRIGATED AGRICULTURAL AREA,FAO,43.00,1000 ha
NORWAY,2004,IRRIGATED AGRICULTURAL AREA,FAO,44.00,1000 ha
OCCUPIED PALESTINIAN TERRITORY,2013,IRRIGATED AGRICULTURAL AREA,FAO,15.14,1000 ha
OCCUPIED PALESTINIAN TERRITORY,2012,IRRIGATED AGRICULTURAL AREA,FAO,15.14,1000 ha
OCCUPIED PALESTINIAN TERRITORY,2011,IRRIGATED AGRICULTURAL AREA,FAO,14.40,1000 ha
OCCUPIED PALESTINIAN TERRITORY,2010,IRRIGATED AGRICULTURAL AREA,FAO,12.80,1000 ha
OCCUPIED PALESTINIAN TERRITORY,2008,IRRIGATED AGRICULTURAL AREA,FAO,17.00,1000 ha
OCCUPIED PALESTINIAN TERRITORY,2007,IRRIGATED AGRICULTURAL AREA,FAO,17.70,1000 ha
OCCUPIED PALESTINIAN TERRITORY,2006,IRRIGATED AGRICULTURAL AREA,FAO,16.50,1000 ha
OCCUPIED PALESTINIAN TERRITORY,2005,IRRIGATED AGRICULTURAL AREA,FAO,15.40,1000 ha
OCCUPIED PALESTINIAN TERRITORY,2004,IRRIGATED AGRICULTURAL AREA,FAO,15.80,1000 ha
OCCUPIED PALESTINIAN TERRITORY,2003,IRRIGATED AGRICULTURAL AREA,FAO,15.40,1000 ha
OCCUPIED PALESTINIAN TERRITORY,2002,IRRIGATED AGRICULTURAL AREA,FAO,16.20,1000 ha
OCCUPIED PALESTINIAN TERRITORY,2001,IRRIGATED AGRICULTURAL AREA,FAO,16.30,1000 ha
PAKISTAN,2014,IRRIGATED AGRICULTURAL AREA,FAO,23.80,1000 ha
PAKISTAN,2011,IRRIGATED AGRICULTURAL AREA,FAO,18630.00,1000 ha
PAKISTAN,2010,IRRIGATED AGRICULTURAL AREA,FAO,20060.00,1000 ha
PAKISTAN,2009,IRRIGATED AGRICULTURAL AREA,FAO,19390.00,1000 ha
PAKISTAN,2008,IRRIGATED AGRICULTURAL AREA,FAO,19130.00,1000 ha
PAKISTAN,2007,IRRIGATED AGRICULTURAL AREA,FAO,19100.00,1000 ha
PAKISTAN,2006,IRRIGATED AGRICULTURAL AREA,FAO,19130.00,1000 ha
PAKISTAN,2005,IRRIGATED AGRICULTURAL AREA,FAO,18980.00,1000 ha
PAKISTAN,2004,IRRIGATED AGRICULTURAL AREA,FAO,18760.00,1000 ha
PAKISTAN,2003,IRRIGATED AGRICULTURAL AREA,FAO,18230.00,1000 ha
PAKISTAN,2002,IRRIGATED AGRICULTURAL AREA,FAO,17990.00,1000 ha
PAKISTAN,2001,IRRIGATED AGRICULTURAL AREA,FAO,17820.00,1000 ha
PANAMA,2013,IRRIGATED AGRICULTURAL AREA,FAO,24.80,1000 ha
PANAMA,2012,IRRIGATED AGRICULTURAL AREA,FAO,21.10,1000 ha
PANAMA,2011,IRRIGATED AGRICULTURAL AREA,FAO,20.20,1000 ha
PANAMA,2010,IRRIGATED AGRICULTURAL AREA,FAO,27.20,1000 ha
PANAMA,2009,IRRIGATED AGRICULTURAL AREA,FAO,32.00,1000 ha
PANAMA,2008,IRRIGATED AGRICULTURAL AREA,FAO,32.00,1000 ha
PANAMA,2007,IRRIGATED AGRICULTURAL AREA,FAO,32.00,1000 ha
PHILIPPINES,2011,IRRIGATED AGRICULTURAL AREA,FAO,1136.00,1000 ha
PHILIPPINES,2010,IRRIGATED AGRICULTURAL AREA,FAO,1102.00,1000 ha
PHILIPPINES,2009,IRRIGATED AGRICULTURAL AREA,FAO,1137.00,1000 ha
PHILIPPINES,2008,IRRIGATED AGRICULTURAL AREA,FAO,1089.00,1000 ha
PHILIPPINES,2007,IRRIGATED AGRICULTURAL AREA,FAO,970.00,1000 ha
PHILIPPINES,2006,IRRIGATED AGRICULTURAL AREA,FAO,965.00,1000 ha
POLAND,2013,IRRIGATED AGRICULTURAL AREA,FAO,76.00,1000 ha
POLAND,2010,IRRIGATED AGRICULTURAL AREA,FAO,46.00,1000 ha
POLAND,2007,IRRIGATED AGRICULTURAL AREA,FAO,72.00,1000 ha
POLAND,2005,IRRIGATED AGRICULTURAL AREA,FAO,71.00,1000 ha
PORTUGAL,2013,IRRIGATED AGRICULTURAL AREA,FAO,479.80,1000 ha
PORTUGAL,2010,IRRIGATED AGRICULTURAL AREA,FAO,466.00,1000 ha
PORTUGAL,2007,IRRIGATED AGRICULTURAL AREA,FAO,583.70,1000 ha
PORTUGAL,2005,IRRIGATED AGRICULTURAL AREA,FAO,454.00,1000 ha
PUERTO RICO,2012,IRRIGATED AGRICULTURAL AREA,FAO,21.00,1000 ha
PUERTO RICO,2007,IRRIGATED AGRICULTURAL AREA,FAO,15.78,1000 ha
PUERTO RICO,2003,IRRIGATED AGRICULTURAL AREA,FAO,17.00,1000 ha
PUERTO RICO,2002,IRRIGATED AGRICULTURAL AREA,FAO,17.00,1000 ha
ROMANIA,2014,IRRIGATED AGRICULTURAL AREA,FAO,145.00,1000 ha
ROMANIA,2013,IRRIGATED AGRICULTURAL AREA,FAO,180.90,1000 ha
ROMANIA,2012,IRRIGATED AGRICULTURAL AREA,FAO,165.90,1000 ha
ROMANIA,2011,IRRIGATED AGRICULTURAL AREA,FAO,103.50,1000 ha
ROMANIA,2010,IRRIGATED AGRICULTURAL AREA,FAO,83.30,1000 ha
ROMANIA,2009,IRRIGATED AGRICULTURAL AREA,FAO,296.00,1000 ha
ROMANIA,2008,IRRIGATED AGRICULTURAL AREA,FAO,257.00,1000 ha
ROMANIA,2007,IRRIGATED AGRICULTURAL AREA,FAO,320.00,1000 ha
ROMANIA,2006,IRRIGATED AGRICULTURAL AREA,FAO,96.50,1000 ha
ROMANIA,2005,IRRIGATED AGRICULTURAL AREA,FAO,46.00,1000 ha
ROMANIA,2004,IRRIGATED AGRICULTURAL AREA,FAO,327.00,1000 ha
ROMANIA,2003,IRRIGATED AGRICULTURAL AREA,FAO,569.00,1000 ha
ROMANIA,2002,IRRIGATED AGRICULTURAL AREA,FAO,488.00,1000 ha
ROMANIA,2001,IRRIGATED AGRICULTURAL AREA,FAO,327.00,1000 ha
RUSSIA,2008,IRRIGATED AGRICULTURAL AREA,FAO,4247.00,1000 ha
RUSSIA,2007,IRRIGATED AGRICULTURAL AREA,FAO,4351.00,1000 ha
RUSSIA,2006,IRRIGATED AGRICULTURAL AREA,FAO,4433.00,1000 ha
RUSSIA,2005,IRRIGATED AGRICULTURAL AREA,FAO,4474.00,1000 ha
RUSSIA,2004,IRRIGATED AGRICULTURAL AREA,FAO,4530.00,1000 ha
RUSSIA,2003,IRRIGATED AGRICULTURAL AREA,FAO,4541.00,1000 ha
RUSSIA,2002,IRRIGATED AGRICULTURAL AREA,FAO,4446.00,1000 ha
RUSSIA,2001,IRRIGATED AGRICULTURAL AREA,FAO,4487.00,1000 ha
RWANDA,2005,IRRIGATED AGRICULTURAL AREA,FAO,7.94,1000 ha
SENEGAL,2006,IRRIGATED AGRICULTURAL AREA,FAO,63.00,1000 ha
SENEGAL,2005,IRRIGATED AGRICULTURAL AREA,FAO,67.00,1000 ha
SENEGAL,2004,IRRIGATED AGRICULTURAL AREA,FAO,60.00,1000 ha
SENEGAL,2003,IRRIGATED AGRICULTURAL AREA,FAO,54.00,1000 ha
SENEGAL,2002,IRRIGATED AGRICULTURAL AREA,FAO,56.00,1000 ha
SERBIA,2015,IRRIGATED AGRICULTURAL AREA,FAO,32.60,1000 ha
SERBIA,2014,IRRIGATED AGRICULTURAL AREA,FAO,45.00,1000 ha
SERBIA,2013,IRRIGATED AGRICULTURAL AREA,FAO,53.00,1000 ha
SERBIA,2012,IRRIGATED AGRICULTURAL AREA,FAO,53.00,1000 ha
SERBIA,2011,IRRIGATED AGRICULTURAL AREA,FAO,34.00,1000 ha
SERBIA,2010,IRRIGATED AGRICULTURAL AREA,FAO,25.00,1000 ha
SERBIA,2009,IRRIGATED AGRICULTURAL AREA,FAO,31.04,1000 ha
SERBIA,2008,IRRIGATED AGRICULTURAL AREA,FAO,26.14,1000 ha
SERBIA,2007,IRRIGATED AGRICULTURAL AREA,FAO,26.16,1000 ha
SERBIA,2006,IRRIGATED AGRICULTURAL AREA,FAO,26.02,1000 ha
SEYCHELLES,2003,IRRIGATED AGRICULTURAL AREA,FAO,0.20,1000 ha
SLOVAKIA,2014,IRRIGATED AGRICULTURAL AREA,FAO,18.10,1000 ha
SLOVAKIA,2013,IRRIGATED AGRICULTURAL AREA,FAO,18.40,1000 ha
SLOVAKIA,2012,IRRIGATED AGRICULTURAL AREA,FAO,24.80,1000 ha
SLOVAKIA,2011,IRRIGATED AGRICULTURAL AREA,FAO,13.80,1000 ha
SLOVAKIA,2010,IRRIGATED AGRICULTURAL AREA,FAO,14.80,1000 ha
SLOVAKIA,2009,IRRIGATED AGRICULTURAL AREA,FAO,20.00,1000 ha
SLOVAKIA,2008,IRRIGATED AGRICULTURAL AREA,FAO,26.00,1000 ha
SLOVAKIA,2007,IRRIGATED AGRICULTURAL AREA,FAO,25.00,1000 ha
SLOVAKIA,2006,IRRIGATED AGRICULTURAL AREA,FAO,25.00,1000 ha
SLOVAKIA,2005,IRRIGATED AGRICULTURAL AREA,FAO,26.00,1000 ha
SLOVAKIA,2004,IRRIGATED AGRICULTURAL AREA,FAO,42.00,1000 ha
SLOVAKIA,2003,IRRIGATED AGRICULTURAL AREA,FAO,94.00,1000 ha
SLOVAKIA,2002,IRRIGATED AGRICULTURAL AREA,FAO,75.00,1000 ha
SLOVAKIA,2001,IRRIGATED AGRICULTURAL AREA,FAO,111.00,1000 ha
SLOVENIA,2015,IRRIGATED AGRICULTURAL AREA,FAO,3.00,1000 ha
SLOVENIA,2014,IRRIGATED AGRICULTURAL AREA,FAO,2.00,1000 ha
SLOVENIA,2013,IRRIGATED AGRICULTURAL AREA,FAO,2.00,1000 ha
SLOVENIA,2012,IRRIGATED AGRICULTURAL AREA,FAO,2.00,1000 ha
SLOVENIA,2011,IRRIGATED AGRICULTURAL AREA,FAO,4.00,1000 ha
SLOVENIA,2010,IRRIGATED AGRICULTURAL AREA,FAO,4.00,1000 ha
SLOVENIA,2009,IRRIGATED AGRICULTURAL AREA,FAO,4.00,1000 ha
SLOVENIA,2008,IRRIGATED AGRICULTURAL AREA,FAO,4.00,1000 ha
SLOVENIA,2007,IRRIGATED AGRICULTURAL AREA,FAO,4.00,1000 ha
SLOVENIA,2006,IRRIGATED AGRICULTURAL AREA,FAO,3.00,1000 ha
SLOVENIA,2005,IRRIGATED AGRICULTURAL AREA,FAO,2.00,1000 ha
SLOVENIA,2004,IRRIGATED AGRICULTURAL AREA,FAO,3.00,1000 ha
SLOVENIA,2003,IRRIGATED AGRICULTURAL AREA,FAO,3.00,1000 ha
SLOVENIA,2002,IRRIGATED AGRICULTURAL AREA,FAO,3.00,1000 ha
SLOVENIA,2001,IRRIGATED AGRICULTURAL AREA,FAO,3.00,1000 ha
SOUTH AFRICA,2011,IRRIGATED AGRICULTURAL AREA,FAO,1601.00,1000 ha
SOUTH AFRICA,2010,IRRIGATED AGRICULTURAL AREA,FAO,1538.00,1000 ha
SOUTH KOREA,2007,IRRIGATED AGRICULTURAL AREA,FAO,950.00,1000 ha
SOUTH KOREA,2006,IRRIGATED AGRICULTURAL AREA,FAO,955.00,1000 ha
SOUTH KOREA,2005,IRRIGATED AGRICULTURAL AREA,FAO,980.00,1000 ha
SOUTH KOREA,2004,IRRIGATED AGRICULTURAL AREA,FAO,1001.00,1000 ha
SOUTH KOREA,2003,IRRIGATED AGRICULTURAL AREA,FAO,1016.00,1000 ha
SOUTH KOREA,2002,IRRIGATED AGRICULTURAL AREA,FAO,1053.00,1000 ha
SPAIN,2015,IRRIGATED AGRICULTURAL AREA,FAO,3824.00,1000 ha
SPAIN,2014,IRRIGATED AGRICULTURAL AREA,FAO,3828.00,1000 ha
SPAIN,2013,IRRIGATED AGRICULTURAL AREA,FAO,3792.00,1000 ha
SPAIN,2012,IRRIGATED AGRICULTURAL AREA,FAO,3504.00,1000 ha
SPAIN,2011,IRRIGATED AGRICULTURAL AREA,FAO,3274.00,1000 ha
SPAIN,2010,IRRIGATED AGRICULTURAL AREA,FAO,3306.00,1000 ha
SPAIN,2009,IRRIGATED AGRICULTURAL AREA,FAO,3207.00,1000 ha
SPAIN,2008,IRRIGATED AGRICULTURAL AREA,FAO,3359.80,1000 ha
SPAIN,2007,IRRIGATED AGRICULTURAL AREA,FAO,3318.00,1000 ha
SPAIN,2006,IRRIGATED AGRICULTURAL AREA,FAO,3320.00,1000 ha
SPAIN,2005,IRRIGATED AGRICULTURAL AREA,FAO,3415.00,1000 ha
SPAIN,2004,IRRIGATED AGRICULTURAL AREA,FAO,3414.00,1000 ha
SPAIN,2003,IRRIGATED AGRICULTURAL AREA,FAO,3577.00,1000 ha
SPAIN,2002,IRRIGATED AGRICULTURAL AREA,FAO,3780.00,1000 ha
SPAIN,2001,IRRIGATED AGRICULTURAL AREA,FAO,3727.00,1000 ha
SWAZILAND,2002,IRRIGATED AGRICULTURAL AREA,FAO,44.84,1000 ha
SWEDEN,2013,IRRIGATED AGRICULTURAL AREA,FAO,51.90,1000 ha
SWEDEN,2010,IRRIGATED AGRICULTURAL AREA,FAO,63.00,1000 ha
SWEDEN,2007,IRRIGATED AGRICULTURAL AREA,FAO,54.17,1000 ha
SWEDEN,2005,IRRIGATED AGRICULTURAL AREA,FAO,48.85,1000 ha
SWEDEN,2003,IRRIGATED AGRICULTURAL AREA,FAO,53.44,1000 ha
SWITZERLAND,2013,IRRIGATED AGRICULTURAL AREA,FAO,34.30,1000 ha
SWITZERLAND,2010,IRRIGATED AGRICULTURAL AREA,FAO,36.20,1000 ha
SYRIA,2013,IRRIGATED AGRICULTURAL AREA,FAO,1310.00,1000 ha
SYRIA,2012,IRRIGATED AGRICULTURAL AREA,FAO,1428.00,1000 ha
SYRIA,2011,IRRIGATED AGRICULTURAL AREA,FAO,1399.00,1000 ha
SYRIA,2010,IRRIGATED AGRICULTURAL AREA,FAO,1341.00,1000 ha
SYRIA,2009,IRRIGATED AGRICULTURAL AREA,FAO,1238.00,1000 ha
SYRIA,2008,IRRIGATED AGRICULTURAL AREA,FAO,1356.00,1000 ha
SYRIA,2007,IRRIGATED AGRICULTURAL AREA,FAO,1396.00,1000 ha
SYRIA,2006,IRRIGATED AGRICULTURAL AREA,FAO,1402.00,1000 ha
SYRIA,2005,IRRIGATED AGRICULTURAL AREA,FAO,1426.00,1000 ha
SYRIA,2004,IRRIGATED AGRICULTURAL AREA,FAO,1439.00,1000 ha
SYRIA,2003,IRRIGATED AGRICULTURAL AREA,FAO,1361.00,1000 ha
TAJIKISTAN,2009,IRRIGATED AGRICULTURAL AREA,FAO,702.00,1000 ha
TAJIKISTAN,2008,IRRIGATED AGRICULTURAL AREA,FAO,710.80,1000 ha
TAJIKISTAN,2007,IRRIGATED AGRICULTURAL AREA,FAO,711.00,1000 ha
TAJIKISTAN,2006,IRRIGATED AGRICULTURAL AREA,FAO,707.60,1000 ha
TIMOR-LESTE,2002,IRRIGATED AGRICULTURAL AREA,FAO,28.91,1000 ha
TRINIDAD AND TOBAGO,2012,IRRIGATED AGRICULTURAL AREA,FAO,5.00,1000 ha
TRINIDAD AND TOBAGO,2004,IRRIGATED AGRICULTURAL AREA,FAO,5.00,1000 ha
TUNISIA,2013,IRRIGATED AGRICULTURAL AREA,FAO,392.00,1000 ha
TUNISIA,2012,IRRIGATED AGRICULTURAL AREA,FAO,381.00,1000 ha
TUNISIA,2011,IRRIGATED AGRICULTURAL AREA,FAO,379.00,1000 ha
TUNISIA,2010,IRRIGATED AGRICULTURAL AREA,FAO,391.00,1000 ha
TUNISIA,2009,IRRIGATED AGRICULTURAL AREA,FAO,404.00,1000 ha
TUNISIA,2008,IRRIGATED AGRICULTURAL AREA,FAO,396.00,1000 ha
TUNISIA,2007,IRRIGATED AGRICULTURAL AREA,FAO,381.00,1000 ha
TUNISIA,2006,IRRIGATED AGRICULTURAL AREA,FAO,373.00,1000 ha
TUNISIA,2005,IRRIGATED AGRICULTURAL AREA,FAO,356.00,1000 ha
TUNISIA,2004,IRRIGATED AGRICULTURAL AREA,FAO,356.00,1000 ha
TUNISIA,2003,IRRIGATED AGRICULTURAL AREA,FAO,348.00,1000 ha
TUNISIA,2002,IRRIGATED AGRICULTURAL AREA,FAO,359.00,1000 ha
TUNISIA,2001,IRRIGATED AGRICULTURAL AREA,FAO,346.00,1000 ha
TURKEY,2014,IRRIGATED AGRICULTURAL AREA,FAO,5215.00,1000 ha
TURKEY,2013,IRRIGATED AGRICULTURAL AREA,FAO,5215.00,1000 ha
TURKEY,2012,IRRIGATED AGRICULTURAL AREA,FAO,5215.00,1000 ha
TURKEY,2011,IRRIGATED AGRICULTURAL AREA,FAO,5215.00,1000 ha
TURKEY,2010,IRRIGATED AGRICULTURAL AREA,FAO,5215.00,1000 ha
TURKEY,2009,IRRIGATED AGRICULTURAL AREA,FAO,5215.00,1000 ha
TURKEY,2008,IRRIGATED AGRICULTURAL AREA,FAO,5215.00,1000 ha
TURKEY,2007,IRRIGATED AGRICULTURAL AREA,FAO,5215.00,1000 ha
TURKEY,2006,IRRIGATED AGRICULTURAL AREA,FAO,5215.00,1000 ha
TURKEY,2005,IRRIGATED AGRICULTURAL AREA,FAO,5215.00,1000 ha
TURKEY,2004,IRRIGATED AGRICULTURAL AREA,FAO,5215.00,1000 ha
TURKEY,2003,IRRIGATED AGRICULTURAL AREA,FAO,5215.00,1000 ha
TURKEY,2002,IRRIGATED AGRICULTURAL AREA,FAO,5215.00,1000 ha
UGANDA,2013,IRRIGATED AGRICULTURAL AREA,FAO,10.58,1000 ha
UKRAINE,2014,IRRIGATED AGRICULTURAL AREA,FAO,310.00,1000 ha
UKRAINE,2013,IRRIGATED AGRICULTURAL AREA,FAO,402.00,1000 ha
UKRAINE,2012,IRRIGATED AGRICULTURAL AREA,FAO,376.00,1000 ha
UKRAINE,2011,IRRIGATED AGRICULTURAL AREA,FAO,371.00,1000 ha
UKRAINE,2010,IRRIGATED AGRICULTURAL AREA,FAO,370.00,1000 ha
UKRAINE,2009,IRRIGATED AGRICULTURAL AREA,FAO,405.00,1000 ha
UKRAINE,2003,IRRIGATED AGRICULTURAL AREA,FAO,731.40,1000 ha
UKRAINE,2002,IRRIGATED AGRICULTURAL AREA,FAO,730.10,1000 ha
UKRAINE,2001,IRRIGATED AGRICULTURAL AREA,FAO,543.30,1000 ha
UNITED ARAB EMIRATES,2013,IRRIGATED AGRICULTURAL AREA,FAO,47.60,1000 ha
UNITED ARAB EMIRATES,2012,IRRIGATED AGRICULTURAL AREA,FAO,48.10,1000 ha
UNITED ARAB EMIRATES,2011,IRRIGATED AGRICULTURAL AREA,FAO,71.10,1000 ha
UNITED ARAB EMIRATES,2010,IRRIGATED AGRICULTURAL AREA,FAO,76.00,1000 ha
UNITED KINGDOM,2013,IRRIGATED AGRICULTURAL AREA,FAO,49.10,1000 ha
UNITED KINGDOM,2010,IRRIGATED AGRICULTURAL AREA,FAO,66.40,1000 ha
UNITED KINGDOM,2007,IRRIGATED AGRICULTURAL AREA,FAO,138.20,1000 ha
UNITED KINGDOM,2005,IRRIGATED AGRICULTURAL AREA,FAO,208.40,1000 ha
UNITED KINGDOM,2003,IRRIGATED AGRICULTURAL AREA,FAO,227.00,1000 ha
UNITED STATES OF AMERICA,2012,IRRIGATED AGRICULTURAL AREA,FAO,22590.00,1000 ha
UNITED STATES OF AMERICA,2008,IRRIGATED AGRICULTURAL AREA,FAO,22229.00,1000 ha
UNITED STATES OF AMERICA,2007,IRRIGATED AGRICULTURAL AREA,FAO,22906.00,1000 ha
UNITED STATES OF AMERICA,2002,IRRIGATED AGRICULTURAL AREA,FAO,22384.00,1000 ha
URUGUAY,2012,IRRIGATED AGRICULTURAL AREA,FAO,200.00,1000 ha
URUGUAY,2011,IRRIGATED AGRICULTURAL AREA,FAO,200.00,1000 ha
URUGUAY,2010,IRRIGATED AGRICULTURAL AREA,FAO,178.00,1000 ha
URUGUAY,2009,IRRIGATED AGRICULTURAL AREA,FAO,173.00,1000 ha
URUGUAY,2008,IRRIGATED AGRICULTURAL AREA,FAO,180.00,1000 ha
URUGUAY,2007,IRRIGATED AGRICULTURAL AREA,FAO,157.00,1000 ha
URUGUAY,2006,IRRIGATED AGRICULTURAL AREA,FAO,169.00,1000 ha
VENEZUELA,2007,IRRIGATED AGRICULTURAL AREA,FAO,683.00,1000 ha
