"Business Demography NACE Rev 2 by Employment Size, County, statistical",,,,,,,,,,,,
indicator and Year,,,,,,,,,,,,
,,,,,,,,,,,,
 , , ,2008,2009,2010,2011,2012,2013,2014,2015,2016,2017
All persons engaged size classes,,,,,,,,,,,,
 ,Carlow,,,,,,,,,,,
 , ,Active Enterprises (Number),2783,2701,2620,2611,2625,2612,2538,2620,2661,2880
 , ,Persons Engaged (Number),13758,11943,11257,11363,11315,11348,11779,12228,12620,13252
 , ,Employees (Number),11888,10185,9601,9734,9675,9737,10214,10590,10990,11468
 ,Cavan,,,,,,,,,,,
 , ,Active Enterprises (Number),4029,3880,3804,3714,3692,3675,3531,3679,3772,4047
 , ,Persons Engaged (Number),18906,16469,15302,14762,14680,14551,15052,15910,16753,17748
 , ,Employees (Number),16150,13924,12796,12282,12193,12084,12698,13446,14312,15156
 ,Clare,,,,,,,,,,,
 , ,Active Enterprises (Number),6664,6567,6458,6367,6404,6358,6170,6562,6610,7068
 , ,Persons Engaged (Number),29831,25814,24842,25137,25596,25412,26494,28300,28672,29627
 , ,Employees (Number),25178,21431,20598,20963,21404,21253,22470,24104,24511,25316
 ,Cork,,,,,,,,,,,
 , ,Active Enterprises (Number),27280,27201,27120,27002,27282,26927,26509,27391,27757,30041
 , ,Persons Engaged (Number),148442,133713,125772,126021,126760,130257,138240,142782,149995,156131
 , ,Employees (Number),130718,116669,108888,109327,109975,113962,122382,126538,134323,139217
 ,Donegal,,,,,,,,,,,
 , ,Active Enterprises (Number),8306,8001,7614,7505,7480,7303,7189,7454,7616,8135
 , ,Persons Engaged (Number),34433,29403,27388,27323,27092,27714,28865,30492,32536,34408
 , ,Employees (Number),28397,23839,22122,22108,21876,22725,23949,25414,27363,28876
 ,Dublin,,,,,,,,,,,
 , ,Active Enterprises (Number),70743,73833,74392,74421,76547,76956,75713,79508,79821,87828
 , ,Persons Engaged (Number),674673,616377,589197,584249,590175,603501,622780,654123,688797,725503
 , ,Employees (Number),635282,578000,550892,546275,550892,564617,584103,614116,649680,683605
 ,Galway,,,,,,,,,,,
 , ,Active Enterprises (Number),14071,13885,13836,13651,13762,13486,13049,13503,13670,14565
 , ,Persons Engaged (Number),68393,57674,54471,54471,55259,55703,57524,58955,65134,68556
 , ,Employees (Number),58690,48565,45418,45542,46180,46860,49026,50254,56488,59392
 ,Kerry,,,,,,,,,,,
 , ,Active Enterprises (Number),8384,8217,8078,7995,7971,7882,7877,8191,8038,8846
 , ,Persons Engaged (Number),36513,31684,29388,29408,29127,29534,30518,32636,35022,36964
 , ,Employees (Number),30507,26003,23813,23858,23543,24020,24979,26932,29585,30903
 ,Kildare,,,,,,,,,,,
 , ,Active Enterprises (Number),10414,10261,9996,9933,9954,9905,9813,10314,10397,11221
 , ,Persons Engaged (Number),55567,49960,44811,43972,44366,45644,47258,51569,52597,55296
 , ,Employees (Number),48792,43606,38738,37949,38359,39722,41338,45360,46516,48706
 ,Kilkenny,,,,,,,,,,,
 , ,Active Enterprises (Number),4260,4241,4188,4204,4170,4130,4080,4273,4235,4661
 , ,Persons Engaged (Number),21043,18328,16673,16938,16801,16982,17633,18596,18622,19695
 , ,Employees (Number),18022,15424,13857,14120,14005,14231,14950,15780,15927,16697
 ,Laois,,,,,,,,,,,
 , ,Active Enterprises (Number),2964,2943,2914,2874,2907,2913,2847,2992,2978,3220
 , ,Persons Engaged (Number),12635,10456,9663,9339,9157,9377,9566,10407,11045,11907
 , ,Employees (Number),10452,8373,7625,7348,7144,7370,7598,8335,9043,9766
 ,Leitrim,,,,,,,,,,,
 , ,Active Enterprises (Number),1885,1816,1829,1836,1822,1844,1756,1819,1826,1966
 , ,Persons Engaged (Number),7659,6845,6464,6055,5866,5967,5955,6099,6335,6468
 , ,Employees (Number),6252,5533,5140,4717,4529,4616,4693,4805,5050,5074
 ,Limerick,,,,,,,,,,,
 , ,Active Enterprises (Number),8998,9171,8943,8864,8982,8869,8609,8979,9032,9561
 , ,Persons Engaged (Number),54102,45763,41052,39686,38903,39463,41823,43257,47344,49586
 , ,Employees (Number),48358,40087,35607,34277,33376,34082,36656,37862,42099,44093
 ,Longford,,,,,,,,,,,
 , ,Active Enterprises (Number),1944,1922,1886,1862,1859,1856,1787,1856,1913,2022
 , ,Persons Engaged (Number),8184,7006,6628,6302,6381,6508,6767,7150,7527,7693
 , ,Employees (Number),6820,5690,5335,5014,5083,5232,5553,5877,6239,6341
 ,Louth,,,,,,,,,,,
 , ,Active Enterprises (Number),6199,6099,5955,5901,5936,5895,5834,6131,6223,6629
 , ,Persons Engaged (Number),28100,24532,22852,22739,23217,23720,24524,26528,28745,30158
 , ,Employees (Number),24102,20776,19275,19214,19676,20255,21104,22985,25210,26422
 ,Mayo,,,,,,,,,,,
 , ,Active Enterprises (Number),7381,7222,6970,6960,6990,6854,6662,6816,6890,7293
 , ,Persons Engaged (Number),31346,27548,26146,26079,26151,26295,26886,27672,29064,30835
 , ,Employees (Number),25632,22122,20950,20926,20963,21252,21998,22713,24113,25631
 ,Meath,,,,,,,,,,,
 , ,Active Enterprises (Number),9471,9216,9049,8955,9023,9063,8988,9418,9552,10255
 , ,Persons Engaged (Number),37181,32844,30854,30464,30715,31524,33551,36915,39240,40897
 , ,Employees (Number),30779,26792,24973,24679,24871,25679,27821,30969,33376,34581
 ,Monaghan,,,,,,,,,,,
 , ,Active Enterprises (Number),3348,3265,3133,3089,3035,2986,2873,3038,3005,3317
 , ,Persons Engaged (Number),16751,14282,13162,13724,13706,13678,14249,15287,15911,16037
 , ,Employees (Number),14609,12231,11236,11825,11835,11842,12507,13447,14148,14038
 ,Offaly,,,,,,,,,,,
 , ,Active Enterprises (Number),3380,3210,3169,3110,3071,3026,2977,3102,3152,3442
 , ,Persons Engaged (Number),15650,13011,11779,11376,11293,11346,12349,12632,13346,14414
 , ,Employees (Number),13312,10860,9672,9314,9260,9354,10406,10622,11334,12186
 ,Roscommon,,,,,,,,,,,
 , ,Active Enterprises (Number),3158,3113,3076,3080,3065,3032,2908,2956,2979,3191
 , ,Persons Engaged (Number),11583,9959,9491,9459,9557,9317,9480,9913,10261,10667
 , ,Employees (Number),9202,7672,7258,7213,7312,7107,7382,7776,8150,8392
 ,Sligo,,,,,,,,,,,
 , ,Active Enterprises (Number),3199,3276,3213,3199,3228,3189,3063,3156,3146,3331
 , ,Persons Engaged (Number),16835,15476,14884,15000,15023,14563,14547,14936,15414,16206
 , ,Employees (Number),14442,13070,12558,12701,12681,12262,12362,12722,13233,13888
 ,Tipperary,,,,,,,,,,,
 , ,Active Enterprises (Number),7777,7688,7550,7508,7527,7406,7279,7459,7424,7968
 , ,Persons Engaged (Number),37533,32487,30308,29329,28680,28676,29472,30253,31856,33883
 , ,Employees (Number),31726,26917,24938,23980,23314,23439,24340,25115,26864,28562
 ,Waterford,,,,,,,,,,,
 , ,Active Enterprises (Number),5176,5079,5056,5053,5038,5015,4882,5085,4974,5474
 , ,Persons Engaged (Number),32983,28591,27116,26502,25536,26030,26267,28261,29608,32015
 , ,Employees (Number),29441,25272,23840,23289,22341,22895,23158,25041,26608,28682
 ,Westmeath,,,,,,,,,,,
 , ,Active Enterprises (Number),4679,4579,4546,4481,4456,4432,4252,4446,4435,4786
 , ,Persons Engaged (Number),20545,17245,16289,15888,15721,15623,16162,17264,18546,19969
 , ,Employees (Number),17322,14211,13322,12976,12858,12813,13516,14496,15872,17054
 ,Wexford,,,,,,,,,,,
 , ,Active Enterprises (Number),7660,7392,7170,7009,7055,7039,7027,7283,7461,7990
 , ,Persons Engaged (Number),35954,30920,28447,28378,28239,28681,29982,31860,33783,35939
 , ,Employees (Number),30652,25965,23717,23758,23532,24019,25397,27121,29023,30829
 ,Wicklow,,,,,,,,,,,
 , ,Active Enterprises (Number),7433,7395,7291,7328,7480,7413,7364,7674,7661,8277
 , ,Persons Engaged (Number),30697,26693,25570,25165,25344,25807,25196,26650,28685,30571
 , ,Employees (Number),25800,22026,21001,20537,20587,21100,20499,21783,23968,25413
Under 10,,,,,,,,,,,,
 ,Carlow,,,,,,,,,,,
 , ,Active Enterprises (Number),2516,2474,2410,2394,2421,2405,2327,2396,2423,2623
 , ,Persons Engaged (Number),5302,4830,4462,4309,4331,4339,4428,4559,4635,4884
 , ,Employees (Number),3492,3125,2850,2717,2723,2763,2898,2954,3051,3143
 ,Cavan,,,,,,,,,,,
 , ,Active Enterprises (Number),3729,3629,3564,3473,3456,3432,3278,3418,3484,3739
 , ,Persons Engaged (Number),7205,6313,5880,5773,5816,5806,5776,6136,6260,6574
 , ,Employees (Number),4501,3821,3424,3345,3375,3386,3469,3716,3861,4024
 ,Clare,,,,,,,,,,,
 , ,Active Enterprises (Number),6207,6175,6087,6007,6039,5987,5792,6158,6178,6628
 , ,Persons Engaged (Number),11495,10372,9733,9740,9574,9559,9532,9910,10029,10410
 , ,Employees (Number),6944,6080,5580,5652,5454,5477,5582,5790,5939,6158
 ,Cork,,,,,,,,,,,
 , ,Active Enterprises (Number),24860,25075,25133,25063,25383,24981,24456,25238,25554,27756
 , ,Persons Engaged (Number),49633,45590,43945,43759,44105,43594,43605,44877,45283,47278
 , ,Employees (Number),32622,29244,27711,27648,27887,27853,28283,29161,30076,30815
 ,Donegal,,,,,,,,,,,
 , ,Active Enterprises (Number),7586,7393,7045,6935,6920,6736,6603,6840,6962,7467
 , ,Persons Engaged (Number),15339,13150,12305,12094,11854,11674,11846,12240,12683,13319
 , ,Employees (Number),9471,7744,7172,7008,6774,6817,7062,7292,7648,7920
 ,Dublin,,,,,,,,,,,
 , ,Active Enterprises (Number),62880,66913,67938,68052,70213,70482,68982,72437,72292,79910
 , ,Persons Engaged (Number),110655,104567,102938,103804,106458,107488,109339,113084,114706,118815
 , ,Employees (Number),72985,67812,66143,67306,68578,69992,72017,74499,77069,78373
 ,Galway,,,,,,,,,,,
 , ,Active Enterprises (Number),12925,12904,12944,12759,12877,12605,12115,12526,12640,13470
 , ,Persons Engaged (Number),24014,21320,20667,20473,20298,20090,19971,20667,21034,21721
 , ,Employees (Number),14539,12443,11796,11704,11394,11416,11635,12128,12533,12696
 ,Kerry,,,,,,,,,,,
 , ,Active Enterprises (Number),7740,7672,7581,7510,7480,7372,7353,7636,7427,8234
 , ,Persons Engaged (Number),15680,14017,13418,13394,12993,12742,13041,13386,13226,14519
 , ,Employees (Number),9843,8491,7982,7990,7540,7347,7630,7810,7926,8580
 ,Kildare,,,,,,,,,,,
 , ,Active Enterprises (Number),9604,9563,9378,9323,9337,9266,9132,9598,9630,10412
 , ,Persons Engaged (Number),18176,16268,15305,15035,14936,14990,15217,16027,16497,17676
 , ,Employees (Number),11572,10066,9348,9112,9033,9160,9395,9926,10519,11187
 ,Kilkenny,,,,,,,,,,,
 , ,Active Enterprises (Number),3901,3924,3897,3927,3897,3848,3792,3954,3914,4331
 , ,Persons Engaged (Number),7953,7196,6821,6850,6802,6641,6821,6965,7196,7720
 , ,Employees (Number),5014,4362,4071,4097,4061,3948,4190,4209,4552,4770
 ,Laois,,,,,,,,,,,
 , ,Active Enterprises (Number),2725,2752,2732,2706,2752,2754,2678,2809,2782,3007
 , ,Persons Engaged (Number),5936,5212,4883,4804,4873,4954,4947,5203,5274,5494
 , ,Employees (Number),3805,3174,2886,2848,2887,2970,3003,3157,3300,3377
 ,Leitrim,,,,,,,,,,,
 , ,Active Enterprises (Number),1770,1722,1740,1749,1738,1753,1665,1723,1723,1862
 , ,Persons Engaged (Number),3241,2792,2794,2814,2799,2792,2763,2882,2880,3121
 , ,Employees (Number),1861,1511,1488,1497,1481,1461,1516,1604,1614,1746
 ,Limerick,,,,,,,,,,,
 , ,Active Enterprises (Number),8159,8432,8274,8221,8324,8194,7910,8227,8247,8735
 , ,Persons Engaged (Number),16650,15436,14770,14637,14437,14126,14311,14743,15034,15421
 , ,Employees (Number),11211,10036,9551,9439,9102,8916,9303,9501,9934,10059
 ,Longford,,,,,,,,,,,
 , ,Active Enterprises (Number),1786,1797,1774,1753,1752,1746,1673,1735,1781,1888
 , ,Persons Engaged (Number),3550,3188,3078,3034,3020,3020,3035,3144,3202,3374
 , ,Employees (Number),2228,1908,1820,1778,1749,1776,1847,1894,1943,2045
 ,Louth,,,,,,,,,,,
 , ,Active Enterprises (Number),5618,5596,5505,5457,5509,5456,5366,5633,5689,6062
 , ,Persons Engaged (Number),11286,10322,9702,9598,9729,9683,9810,10209,10477,10831
 , ,Employees (Number),7414,6681,6226,6165,6264,6293,6466,6749,7025,7184
 ,Mayo,,,,,,,,,,,
 , ,Active Enterprises (Number),6830,6761,6543,6544,6570,6428,6208,6350,6388,6778
 , ,Persons Engaged (Number),13049,11908,11269,11195,10946,10766,10551,10822,11009,11539
 , ,Employees (Number),7518,6634,6209,6162,5885,5851,5788,5980,6173,6446
 ,Meath,,,,,,,,,,,
 , ,Active Enterprises (Number),8758,8622,8505,8442,8505,8524,8417,8795,8862,9534
 , ,Persons Engaged (Number),16725,14782,14010,13911,13749,13870,14185,14887,15236,16367
 , ,Employees (Number),10491,8873,8272,8263,8026,8154,8595,9072,9485,10148
 ,Monaghan,,,,,,,,,,,
 , ,Active Enterprises (Number),3015,2996,2877,2837,2790,2742,2622,2774,2718,3015
 , ,Persons Engaged (Number),6310,5719,5227,5241,5188,5124,5132,5433,5395,5769
 , ,Employees (Number),4219,3721,3344,3386,3358,3334,3437,3632,3665,3809
 ,Offaly,,,,,,,,,,,
 , ,Active Enterprises (Number),3112,2987,2961,2916,2877,2830,2775,2885,2919,3200
 , ,Persons Engaged (Number),6515,5568,5146,5135,4975,4897,4893,5267,5351,5785
 , ,Employees (Number),4237,3469,3083,3117,2982,2950,2988,3298,3377,3592
 ,Roscommon,,,,,,,,,,,
 , ,Active Enterprises (Number),2983,2960,2930,2941,2923,2887,2754,2802,2818,3023
 , ,Persons Engaged (Number),5607,4883,4660,4676,4603,4560,4454,4641,4739,4989
 , ,Employees (Number),3279,2641,2470,2463,2394,2383,2392,2536,2659,2748
 ,Sligo,,,,,,,,,,,
 , ,Active Enterprises (Number),2943,3062,3010,3003,3028,2987,2848,2943,2927,3102
 , ,Persons Engaged (Number),5932,5428,5104,5117,4989,4960,4826,5007,5099,5274
 , ,Employees (Number),3631,3107,2857,2884,2711,2718,2703,2850,2975,3014
 ,Tipperary,,,,,,,,,,,
 , ,Active Enterprises (Number),7108,7121,7012,7012,7050,6922,6781,6918,6878,7404
 , ,Persons Engaged (Number),14953,13833,12958,13056,12941,12742,12664,12602,12933,13761
 , ,Employees (Number),9367,8450,7756,7849,7721,7649,7673,7614,8068,8562
 ,Waterford,,,,,,,,,,,
 , ,Active Enterprises (Number),4632,4626,4650,4648,4635,4605,4462,4626,4508,4981
 , ,Persons Engaged (Number),9595,8705,8617,8398,8251,8093,8248,8521,8691,9347
 , ,Employees (Number),6199,5508,5443,5288,5143,5040,5219,5385,5767,6091
 ,Westmeath,,,,,,,,,,,
 , ,Active Enterprises (Number),4304,4266,4259,4207,4169,4157,3957,4132,4105,4425
 , ,Persons Engaged (Number),8679,7730,7327,7249,7024,7024,6948,7164,7204,7512
 , ,Employees (Number),5577,4795,4452,4419,4225,4270,4357,4449,4571,4638
 ,Wexford,,,,,,,,,,,
 , ,Active Enterprises (Number),6979,6818,6656,6524,6569,6537,6492,6734,6871,7368
 , ,Persons Engaged (Number),14298,12835,12000,11816,11760,11722,11771,12285,12615,13444
 , ,Employees (Number),9175,8019,7392,7311,7184,7193,7311,7664,7967,8443
 ,Wicklow,,,,,,,,,,,
 , ,Active Enterprises (Number),6893,6956,6881,6938,7089,7021,6931,7214,7174,7757
 , ,Persons Engaged (Number),13315,12074,11440,11394,11475,11642,11632,12083,12289,12857
 , ,Employees (Number),8537,7518,6974,6850,6806,7013,7016,7298,7657,7776
Oct-19,,,,,,,,,,,,
 ,Carlow,,,,,,,,,,,
 , ,Active Enterprises (Number),..,..,..,..,..,..,..,..,..,..
 , ,Persons Engaged (Number),..,..,..,..,..,..,..,..,..,..
 , ,Employees (Number),..,..,..,..,..,..,..,..,..,..
 ,Cavan,,,,,,,,,,,
 , ,Active Enterprises (Number),175,143,143,144,137,148,151,146,160,166
 , ,Persons Engaged (Number),2299,1924,1879,1879,1781,1922,1989,1920,2118,2213
 , ,Employees (Number),2268,1893,1849,1846,1755,1890,1955,1888,2088,2174
 ,Clare,,,,,,,,,,,
 , ,Active Enterprises (Number),258,216,197,187,193,196,192,217,234,236
 , ,Persons Engaged (Number),3480,2853,2577,2493,2574,2614,2547,2899,3107,3154
 , ,Employees (Number),3397,2776,2500,2421,2515,2548,2486,2835,3048,3105
 ,Cork,,,,,,,,,,,
 , ,Active Enterprises (Number),1340,1173,1124,1095,1052,1093,1163,1200,1186,1213
 , ,Persons Engaged (Number),17991,15727,15082,14681,13988,14651,15583,16062,15890,16157
 , ,Employees (Number),17530,15264,14619,14274,13573,14241,15198,15698,15587,15864
 ,Donegal,,,,,,,,,,,
 , ,Active Enterprises (Number),..,..,..,..,..,338,350,363,375,385
 , ,Persons Engaged (Number),..,..,..,..,..,4540,4697,4884,4972,5196
 , ,Employees (Number),..,..,..,..,..,4430,4580,4775,4854,5090
 ,Dublin,,,,,,,,,,,
 , ,Active Enterprises (Number),3748,3347,3130,3092,3022,3082,3209,3353,3558,3703
 , ,Persons Engaged (Number),50553,45344,42470,41775,40625,41403,43202,45347,47869,49672
 , ,Employees (Number),49727,44567,41814,41130,40042,40816,42673,44802,47294,49141
 ,Galway,,,,,,,,,,,
 , ,Active Enterprises (Number),629,533,481,489,480,452,491,510,543,583
 , ,Persons Engaged (Number),8430,7143,6532,6635,6482,6083,6568,6763,7395,7830
 , ,Employees (Number),8274,6965,6387,6506,6343,5959,6443,6642,7281,7722
 ,Kerry,,,,,,,,,,,
 , ,Active Enterprises (Number),377,324,306,293,296,304,301,325,360,345
 , ,Persons Engaged (Number),5022,4315,4125,3924,3997,4068,3991,4375,4744,4606
 , ,Employees (Number),4885,4190,4013,3799,3892,3974,3890,4275,4632,4508
 ,Kildare,,,,,,,,,,,
 , ,Active Enterprises (Number),462,404,352,345,332,339,373,394,421,432
 , ,Persons Engaged (Number),6110,5336,4695,4585,4434,4488,4940,5305,5694,5854
 , ,Employees (Number),5985,5214,4603,4505,4354,4418,4862,5215,5615,5781
 ,Kilkenny,,,,,,,,,,,
 , ,Active Enterprises (Number),..,..,..,..,..,161,160,187,183,179
 , ,Persons Engaged (Number),..,..,..,..,..,2130,2088,2445,2453,2373
 , ,Employees (Number),..,..,..,..,..,2085,2050,2401,2412,2337
 ,Laois,,,,,,,,,,,
 , ,Active Enterprises (Number),..,..,..,..,..,..,..,..,..,..
 , ,Persons Engaged (Number),..,..,..,..,..,..,..,..,..,..
 , ,Employees (Number),..,..,..,..,..,..,..,..,..,..
 ,Leitrim,,,,,,,,,,,
 , ,Active Enterprises (Number),64,54,51,53,46,..,50,..,..,..
 , ,Persons Engaged (Number),839,736,696,723,617,..,674,..,..,..
 , ,Employees (Number),819,708,680,704,604,..,664,..,..,..
 ,Limerick,,,,,,,,,,,
 , ,Active Enterprises (Number),448,401,374,364,379,391,389,413,405,432
 , ,Persons Engaged (Number),5938,5274,4984,4868,5076,5204,5221,5541,5380,5727
 , ,Employees (Number),5778,5129,4859,4750,4965,5084,5104,5437,5287,5638
 ,Longford,,,,,,,,,,,
 , ,Active Enterprises (Number),..,..,..,..,..,..,..,..,..,..
 , ,Persons Engaged (Number),..,..,..,..,..,..,..,..,..,..
 , ,Employees (Number),..,..,..,..,..,..,..,..,..,..
 ,Louth,,,,,,,,,,,
 , ,Active Enterprises (Number),343,310,276,270,247,255,262,275,290,328
 , ,Persons Engaged (Number),4631,4214,3679,3567,3349,3384,3448,3633,3808,4386
 , ,Employees (Number),4534,4118,3601,3495,3288,3321,3387,3570,3743,4313
 ,Mayo,,,,,,,,,,,
 , ,Active Enterprises (Number),324,262,247,245,243,243,268,266,283,289
 , ,Persons Engaged (Number),4358,3479,3286,3237,3189,3186,3564,3513,3774,3902
 , ,Employees (Number),4223,3369,3184,3146,3095,3088,3464,3423,3684,3810
 ,Meath,,,,,,,,,,,
 , ,Active Enterprises (Number),426,357,330,300,299,325,333,358,388,385
 , ,Persons Engaged (Number),5669,4717,4389,3980,3904,4278,4454,4744,5173,5175
 , ,Employees (Number),5538,4611,4279,3877,3816,4180,4349,4640,5086,5102
 ,Monaghan,,,,,,,,,,,
 , ,Active Enterprises (Number),..,..,..,..,..,138,142,143,161,165
 , ,Persons Engaged (Number),..,..,..,..,..,1761,1888,1913,2154,2137
 , ,Employees (Number),..,..,..,..,..,1721,1848,1879,2126,2108
 ,Offaly,,,,,,,,,,,
 , ,Active Enterprises (Number),163,..,..,..,..,..,119,130,132,136
 , ,Persons Engaged (Number),2195,..,..,..,..,..,1614,1793,1768,1854
 , ,Employees (Number),2148,..,..,..,..,..,1587,1764,1739,1829
 ,Roscommon,,,,,,,,,,,
 , ,Active Enterprises (Number),..,..,..,..,..,..,..,..,87,..
 , ,Persons Engaged (Number),..,..,..,..,..,..,..,..,1198,..
 , ,Employees (Number),..,..,..,..,..,..,..,..,1179,..
 ,Sligo,,,,,,,,,,,
 , ,Active Enterprises (Number),..,..,106,102,..,..,119,112,109,114
 , ,Persons Engaged (Number),..,..,1447,1406,..,..,1647,1539,1508,1583
 , ,Employees (Number),..,..,1397,1370,..,..,1603,1498,1465,1542
 ,Tipperary,,,,,,,,,,,
 , ,Active Enterprises (Number),419,356,337,308,297,302,297,335,323,340
 , ,Persons Engaged (Number),5589,4667,4380,4011,3869,3982,3894,4367,4233,4500
 , ,Employees (Number),5404,4512,4232,3890,3742,3855,3779,4239,4132,4394
 ,Waterford,,,,,,,,,,,
 , ,Active Enterprises (Number),320,268,243,251,242,248,249,269,265,280
 , ,Persons Engaged (Number),4243,3533,3211,3282,3174,3274,3327,3536,3532,3715
 , ,Employees (Number),4135,3444,3134,3202,3103,3210,3261,3471,3475,3652
 ,Westmeath,,,,,,,,,,,
 , ,Active Enterprises (Number),..,..,..,..,..,..,171,180,191,206
 , ,Persons Engaged (Number),..,..,..,..,..,..,2296,2364,2533,2701
 , ,Employees (Number),..,..,..,..,..,..,2248,2319,2498,2667
 ,Wexford,,,,,,,,,,,
 , ,Active Enterprises (Number),398,338,309,287,296,306,320,328,351,366
 , ,Persons Engaged (Number),5257,4481,4066,3799,3887,4047,4135,4314,4648,4829
 , ,Employees (Number),5122,4378,3970,3702,3768,3926,4023,4210,4563,4742
 ,Wicklow,,,,,,,,,,,
 , ,Active Enterprises (Number),336,273,265,248,243,235,278,296,295,324
 , ,Persons Engaged (Number),4466,3605,3509,3280,3193,3099,3673,3922,3916,4256
 , ,Employees (Number),4364,3506,3413,3207,3126,3037,3598,3846,3838,4187
20 - 49,,,,,,,,,,,,
 ,Carlow,,,,,,,,,,,
 , ,Active Enterprises (Number),84,72,72,62,58,59,65,61,73,80
 , ,Persons Engaged (Number),2622,2186,2127,1851,1770,1769,1956,1803,2145,2504
 , ,Employees (Number),2607,2172,2118,1846,1763,1765,1951,1799,2140,2499
 ,Cavan,,,,,,,,,,,
 , ,Active Enterprises (Number),87,75,65,62,65,58,60,72,77,86
 , ,Persons Engaged (Number),2735,2287,2013,1979,2082,1831,1859,2229,2295,2449
 , ,Employees (Number),2715,2266,1994,1961,2063,1817,1847,2218,2284,2446
 ,Clare,,,,,,,,,,,
 , ,Active Enterprises (Number),123,103,101,95,98,100,114,113,123,128
 , ,Persons Engaged (Number),3746,3048,2936,2729,2896,2890,3278,3469,3724,3850
 , ,Employees (Number),3727,3034,2923,2715,2883,2879,3265,3458,3712,3840
 ,Cork,,,,,,,,,,,
 , ,Active Enterprises (Number),696,615,553,544,546,539,550,606,650,696
 , ,Persons Engaged (Number),20053,17909,16015,15988,16173,16418,16389,17838,19001,20594
 , ,Employees (Number),19881,17731,15892,15866,16067,16313,16277,17718,18875,20469
 ,Donegal,,,,,,,,,,,
 , ,Active Enterprises (Number),217,173,174,166,162,169,169,175,198,195
 , ,Persons Engaged (Number),6410,5164,5219,4836,4741,4953,4973,5055,5581,5643
 , ,Employees (Number),6390,5144,5198,4820,4725,4934,4960,5036,5563,5618
 ,Dublin,,,,,,,,,,,
 , ,Active Enterprises (Number),2466,2137,1999,1942,1976,1983,2043,2133,2288,2466
 , ,Persons Engaged (Number),73751,64145,59865,58377,59353,59269,61973,64433,69265,73994
 , ,Employees (Number),73378,63828,59554,58126,59114,59058,61773,64223,69066,73761
 ,Galway,,,,,,,,,,,
 , ,Active Enterprises (Number),342,295,263,251,249,266,274,290,301,321
 , ,Persons Engaged (Number),10279,8749,7838,7360,7452,7824,8065,8581,8871,9575
 , ,Employees (Number),10218,8705,7811,7336,7422,7787,8035,8544,8846,9547
 ,Kerry,,,,,,,,,,,
 , ,Active Enterprises (Number),183,144,120,121,123,138,154,154,168,177
 , ,Persons Engaged (Number),5178,4021,3390,3385,3370,3841,4347,4429,4874,5020
 , ,Employees (Number),5151,3997,3368,3370,3350,3821,4324,4402,4850,4996
 ,Kildare,,,,,,,,,,,
 , ,Active Enterprises (Number),229,183,167,167,184,201,201,196,212,234
 , ,Persons Engaged (Number),6719,5329,4927,5003,5452,6063,5997,5922,6290,6986
 , ,Employees (Number),6677,5304,4905,4984,5429,6042,5978,5905,6267,6963
 ,Kilkenny,,,,,,,,,,,
 , ,Active Enterprises (Number),122,100,87,94,90,90,94,96,97,110
 , ,Persons Engaged (Number),3627,3007,2618,2819,2684,2704,2831,2915,2971,3391
 , ,Employees (Number),3610,2997,2608,2809,2675,2694,2820,2902,2963,3381
 ,Laois,,,,,,,,,,,
 , ,Active Enterprises (Number),68,61,52,44,46,45,47,58,59,64
 , ,Persons Engaged (Number),2070,1861,1554,1375,1419,1409,1457,1845,1890,1913
 , ,Employees (Number),2059,1857,1551,1372,1417,1407,1454,1843,1888,1910
 ,Leitrim,,,,,,,,,,,
 , ,Active Enterprises (Number),38,25,23,23,26,27,30,34,30,33
 , ,Persons Engaged (Number),1189,807,688,690,738,812,896,1011,938,988
 , ,Employees (Number),1182,804,686,688,732,805,891,1007,935,985
 ,Limerick,,,,,,,,,,,
 , ,Active Enterprises (Number),288,244,208,197,200,201,210,233,262,273
 , ,Persons Engaged (Number),8606,6969,6158,5876,6022,6073,6205,6808,7627,8034
 , ,Employees (Number),8511,6881,6096,5816,5966,6042,6180,6773,7589,8006
 ,Longford,,,,,,,,,,,
 , ,Active Enterprises (Number),48,31,35,30,30,36,37,32,40,45
 , ,Persons Engaged (Number),1513,966,1034,864,879,1107,1113,979,1196,1360
 , ,Employees (Number),1507,962,1027,857,875,1103,1110,977,1190,1353
 ,Louth,,,,,,,,,,,
 , ,Active Enterprises (Number),172,141,122,123,120,124,145,157,168,162
 , ,Persons Engaged (Number),4787,4038,3495,3551,3337,3533,4035,4438,4785,4759
 , ,Employees (Number),4758,4019,3472,3531,3323,3521,4020,4419,4767,4743
 ,Mayo,,,,,,,,,,,
 , ,Active Enterprises (Number),169,151,133,123,129,129,128,139,156,160
 , ,Persons Engaged (Number),5108,4461,3982,3773,3949,3937,3998,4174,4632,4857
 , ,Employees (Number),5068,4425,3955,3750,3923,3915,3981,4154,4611,4841
 ,Meath,,,,,,,,,,,
 , ,Active Enterprises (Number),203,164,146,148,153,145,169,182,215,240
 , ,Persons Engaged (Number),5864,4538,4209,4269,4454,4131,5015,5332,6308,7027
 , ,Employees (Number),5830,4504,4179,4239,4424,4102,4982,5307,6282,7004
 ,Monaghan,,,,,,,,,,,
 , ,Active Enterprises (Number),88,73,71,73,64,65,67,76,81,85
 , ,Persons Engaged (Number),2660,2268,2139,2247,1979,1945,2032,2349,2518,2465
 , ,Employees (Number),2652,2260,2138,2245,1978,1943,2029,2346,2515,2459
 ,Offaly,,,,,,,,,,,
 , ,Active Enterprises (Number),72,57,54,46,48,51,56,61,73,78
 , ,Persons Engaged (Number),2074,1755,1625,1390,1381,1430,1514,1757,2076,2250
 , ,Employees (Number),2061,1742,1614,1382,1371,1420,1504,1745,2067,2240
 ,Roscommon,,,,,,,,,,,
 , ,Active Enterprises (Number),43,37,39,34,38,37,40,44,46,49
 , ,Persons Engaged (Number),1404,1161,1246,1108,1133,1102,1200,1366,1417,1373
 , ,Employees (Number),1400,1154,1239,1102,1127,1089,1187,1356,1406,1364
 ,Sligo,,,,,,,,,,,
 , ,Active Enterprises (Number),88,72,71,69,61,68,66,71,78,78
 , ,Persons Engaged (Number),2643,2171,2073,2065,1891,2083,1994,2160,2376,2268
 , ,Employees (Number),2614,2150,2052,2041,1876,2069,1982,2144,2366,2255
 ,Tipperary,,,,,,,,,,,
 , ,Active Enterprises (Number),168,138,129,126,121,128,148,149,167,158
 , ,Persons Engaged (Number),5069,4082,3716,3733,3622,3861,4270,4296,4816,4624
 , ,Employees (Number),5037,4053,3699,3715,3606,3847,4247,4277,4791,4608
 ,Waterford,,,,,,,,,,,
 , ,Active Enterprises (Number),150,122,103,102,107,106,112,126,137,143
 , ,Persons Engaged (Number),4494,3504,3030,3082,3146,3200,3240,3625,3999,4126
 , ,Employees (Number),4457,3472,3009,3060,3133,3183,3227,3607,3981,4112
 ,Westmeath,,,,,,,,,,,
 , ,Active Enterprises (Number),119,97,96,84,77,82,89,97,99,108
 , ,Persons Engaged (Number),3434,2700,2629,2310,2174,2303,2539,2807,3005,3119
 , ,Employees (Number),3404,2674,2605,2294,2165,2293,2533,2800,2999,3112
 ,Wexford,,,,,,,,,,,
 , ,Active Enterprises (Number),197,165,141,137,132,141,150,150,166,178
 , ,Persons Engaged (Number),5835,4783,4132,4008,3842,4182,4402,4468,4987,5342
 , ,Employees (Number),5794,4750,4109,3993,3832,4170,4389,4454,4960,5320
 ,Wicklow,,,,,,,,,,,
 , ,Active Enterprises (Number),157,129,109,109,114,120,111,121,140,144
 , ,Persons Engaged (Number),4677,3760,3231,3291,3364,3621,3358,3700,4333,4448
 , ,Employees (Number),4661,3748,3224,3283,3346,3608,3355,3698,4330,4443
50 - 249,,,,,,,,,,,,
 ,Carlow,,,,,,,,,,,
 , ,Active Enterprises (Number),32,31,28,32,31,31,31,35,35,35
 , ,Persons Engaged (Number),3209,2758,2541,2936,2975,2784,2925,3266,3284,3238
 , ,Employees (Number),3205,2755,2540,2935,2975,2784,2925,3266,3284,3238
 ,Cavan,,,,,,,,,,,
 , ,Active Enterprises (Number),32,28,27,30,29,32,37,38,46,51
 , ,Persons Engaged (Number),3061,2740,2589,2812,2545,2744,3151,3337,3942,4495
 , ,Employees (Number),3060,2739,2588,2811,2544,2743,3150,3336,3941,4495
 ,Clare,,,,,,,,,,,
 , ,Active Enterprises (Number),66,65,65,68,63,64,60,59,61,64
 , ,Persons Engaged (Number),7275,6573,6724,6818,6271,6443,6277,5944,6288,7037
 , ,Employees (Number),7275,6573,6723,6818,6271,6443,6277,5943,6288,7037
 ,Cork,,,,,,,,,,,
 , ,Active Enterprises (Number),335,292,272,258,258,269,292,304,317,328
 , ,Persons Engaged (Number),31846,26855,25257,23771,24380,25943,28245,30284,30889,32623
 , ,Employees (Number),31766,26798,25193,23717,24334,25904,28206,30240,30853,32590
 ,Donegal,,,,,,,,,,,
 , ,Active Enterprises (Number),71,59,49,54,55,57,64,73,77,83
 , ,Persons Engaged (Number),6234,5389,4308,4672,4795,5060,5713,6529,7062,7492
 , ,Employees (Number),6226,5387,4307,4670,4792,5057,5711,6527,7060,7490
 ,Dublin,,,,,,,,,,,
 , ,Active Enterprises (Number),1331,1138,1038,1058,1048,1104,1171,1262,1340,1384
 , ,Persons Engaged (Number),131715,112738,103910,107161,104830,108445,116747,125927,133238,138629
 , ,Employees (Number),131482,112505,103670,106895,104560,108124,116486,125675,132989,138396
 ,Galway,,,,,,,,,,,
 , ,Active Enterprises (Number),158,139,134,138,142,149,156,160,165,169
 , ,Persons Engaged (Number),14412,12190,11676,11849,12616,13272,14506,14727,15468,16662
 , ,Employees (Number),14401,12180,11666,11842,12610,13264,14499,14723,15462,16659
 ,Kerry,,,,,,,,,,,
 , ,Active Enterprises (Number),75,69,65,66,67,62,63,68,75,81
 , ,Persons Engaged (Number),6933,6064,5638,5979,6194,5935,6105,6559,7449,7780
 , ,Employees (Number),6928,6058,5633,5973,6188,5930,6101,6558,7448,7780
 ,Kildare,,,,,,,,,,,
 , ,Active Enterprises (Number),106,94,87,84,87,85,91,111,117,126
 , ,Persons Engaged (Number),10432,8283,7973,7595,7934,8091,8201,10523,10876,11838
 , ,Employees (Number),10428,8278,7971,7594,7933,8090,8200,10522,10875,11833
 ,Kilkenny,,,,,,,,,,,
 , ,Active Enterprises (Number),44,36,28,28,28,28,31,33,38,38
 , ,Persons Engaged (Number),3732,2915,2275,2567,2606,2761,3075,3390,3728,3870
 , ,Employees (Number),3725,2910,2275,2567,2606,2758,3072,3387,3726,3868
 ,Laois,,,,,,,,,,,
 , ,Active Enterprises (Number),23,15,15,15,13,14,16,18,23,30
 , ,Persons Engaged (Number),2128,1364,1246,1208,1063,1127,1212,1376,1817,2361
 , ,Employees (Number),2126,1362,1246,1208,1063,1127,1212,1375,1817,2361
 ,Leitrim,,,,,,,,,,,
 , ,Active Enterprises (Number),10,12,12,8,9,12,11,11,12,11
 , ,Persons Engaged (Number),1106,1252,1104,831,936,1427,1622,1260,1344,1129
 , ,Employees (Number),1106,1252,1104,831,936,1427,1622,1260,1344,1129
 ,Limerick,,,,,,,,,,,
 , ,Active Enterprises (Number),88,79,74,70,67,71,86,94,103,106
 , ,Persons Engaged (Number),8633,7162,6611,6166,5725,6153,7211,8219,8916,9606
 , ,Employees (Number),8585,7119,6573,6134,5701,6134,7195,8205,8902,9592
 ,Longford,,,,,,,,,,,
 , ,Active Enterprises (Number),18,17,15,15,16,13,14,20,19,17
 , ,Persons Engaged (Number),1700,1566,1449,1320,1418,1314,1266,1748,1592,1611
 , ,Employees (Number),1699,1565,1448,1319,1417,1314,1266,1747,1592,1611
 ,Louth,,,,,,,,,,,
 , ,Active Enterprises (Number),60,46,47,47,55,55,56,60,68,67
 , ,Persons Engaged (Number),4920,3801,4143,4529,4986,5177,5378,5810,6554,6262
 , ,Employees (Number),4920,3801,4143,4529,4985,5177,5378,5809,6554,6262
 ,Mayo,,,,,,,,,,,
 , ,Active Enterprises (Number),51,42,40,41,41,47,52,54,56,58
 , ,Persons Engaged (Number),4901,4118,3662,3828,3890,4169,4695,4551,4845,5148
 , ,Employees (Number),4895,4114,3657,3824,3885,4163,4687,4544,4841,5145
 ,Meath,,,,,,,,,,,
 , ,Active Enterprises (Number),80,67,61,57,57,60,60,71,74,86
 , ,Persons Engaged (Number),7640,6308,5438,5195,5191,5712,6227,6980,6919,8537
 , ,Employees (Number),7637,6305,5435,5191,5188,5710,6225,6978,6919,8536
 ,Monaghan,,,,,,,,,,,
 , ,Active Enterprises (Number),40,32,34,36,38,37,38,41,41,49
 , ,Persons Engaged (Number),4036,3066,3091,3368,3488,3076,3343,3678,3796,4458
 , ,Employees (Number),4031,3062,3086,3363,3484,3072,3339,3676,3794,4454
 ,Offaly,,,,,,,,,,,
 , ,Active Enterprises (Number),29,22,17,19,21,22,24,23,25,24
 , ,Persons Engaged (Number),2833,2334,1767,1844,1996,2091,2248,2162,2447,2496
 , ,Employees (Number),2833,2334,1767,1844,1996,2090,2247,2162,2447,2496
 ,Roscommon,,,,,,,,,,,
 , ,Active Enterprises (Number),30,27,23,22,25,26,25,25,28,31
 , ,Persons Engaged (Number),2826,2352,2109,1960,2180,2335,2421,2555,2907,2831
 , ,Employees (Number),2815,2349,2101,1952,2172,2333,2420,2554,2906,2830
 ,Sligo,,,,,,,,,,,
 , ,Active Enterprises (Number),28,23,22,21,24,24,26,26,28,32
 , ,Persons Engaged (Number),2417,2264,1754,1778,2275,2463,2417,2591,2635,2810
 , ,Employees (Number),2411,2258,1746,1772,2268,2456,2411,2591,2631,2806
 ,Tipperary,,,,,,,,,,,
 , ,Active Enterprises (Number),70,62,61,52,48,42,42,46,46,54
 , ,Persons Engaged (Number),6533,5744,5292,4662,4093,3535,3785,3967,4328,4739
 , ,Employees (Number),6531,5743,5291,4661,4092,3534,3784,3966,4327,4739
 ,Waterford,,,,,,,,,,,
 , ,Active Enterprises (Number),58,49,46,38,39,40,43,48,46,53
 , ,Persons Engaged (Number),5544,5093,4635,4099,3772,3693,4001,4924,4578,5276
 , ,Employees (Number),5543,5092,4631,4098,3769,3692,4000,4923,4577,5276
 ,Westmeath,,,,,,,,,,,
 , ,Active Enterprises (Number),43,34,35,34,33,32,32,33,34,38
 , ,Persons Engaged (Number),4063,3147,3119,3158,3245,3236,3235,3494,3710,3573
 , ,Employees (Number),4051,3138,3108,3147,3244,3235,3234,3493,3710,3573
 ,Wexford,,,,,,,,,,,
 , ,Active Enterprises (Number),79,65,58,53,50,45,55,58,59,63
 , ,Persons Engaged (Number),7646,6277,5656,5156,5090,4531,5448,5334,5627,5785
 , ,Employees (Number),7644,6274,5653,5153,5088,4531,5448,5334,5627,5785
 ,Wicklow,,,,,,,,,,,
 , ,Active Enterprises (Number),39,30,29,26,28,31,39,36,45,45
 , ,Persons Engaged (Number),3592,2915,2744,2383,2740,3015,3642,3165,4284,4695
 , ,Employees (Number),3591,2915,2744,2380,2737,3012,3639,3161,4280,4692
250 and over,,,,,,,,,,,,
 ,Carlow,,,,,,,,,,,
 , ,Active Enterprises (Number),..,..,..,..,..,..,..,..,..,..
 , ,Persons Engaged (Number),..,..,..,..,..,..,..,..,..,..
 , ,Employees (Number),..,..,..,..,..,..,..,..,..,..
 ,Cavan,,,,,,,,,,,
 , ,Active Enterprises (Number),6,5,5,5,5,5,5,5,5,5
 , ,Persons Engaged (Number),3606,3205,2941,2319,2456,2248,2277,2288,2138,2017
 , ,Employees (Number),3606,3205,2941,2319,2456,2248,2277,2288,2138,2017
 ,Clare,,,,,,,,,,,
 , ,Active Enterprises (Number),10,8,8,10,11,11,12,15,14,12
 , ,Persons Engaged (Number),3835,2968,2872,3357,4281,3906,4860,6078,5524,5176
 , ,Employees (Number),3835,2968,2872,3357,4281,3906,4860,6078,5524,5176
 ,Cork,,,,,,,,,,,
 , ,Active Enterprises (Number),49,46,38,42,43,45,48,43,50,48
 , ,Persons Engaged (Number),28919,27632,25473,27822,28114,29651,34418,33721,38932,39479
 , ,Employees (Number),28919,27632,25473,27822,28114,29651,34418,33721,38932,39479
 ,Donegal,,,,,,,,,,,
 , ,Active Enterprises (Number),..,..,..,..,..,3,3,3,4,5
 , ,Persons Engaged (Number),..,..,..,..,..,1487,1636,1784,2238,2758
 , ,Employees (Number),..,..,..,..,..,1487,1636,1784,2238,2758
 ,Dublin,,,,,,,,,,,
 , ,Active Enterprises (Number),318,298,287,277,288,305,308,323,343,365
 , ,Persons Engaged (Number),307999,289583,280014,273132,278909,286896,291519,305332,323719,344393
 , ,Employees (Number),307710,289288,279711,272818,278598,286627,291154,304917,323262,343934
 ,Galway,,,,,,,,,,,
 , ,Active Enterprises (Number),17,14,14,14,14,14,13,17,21,22
 , ,Persons Engaged (Number),11258,8272,7758,8154,8411,8434,8414,8217,12366,12768
 , ,Employees (Number),11258,8272,7758,8154,8411,8434,8414,8217,12366,12768
 ,Kerry,,,,,,,,,,,
 , ,Active Enterprises (Number),9,8,6,5,5,6,6,8,8,9
 , ,Persons Engaged (Number),3700,3267,2817,2726,2573,2948,3034,3887,4729,5039
 , ,Employees (Number),3700,3267,2817,2726,2573,2948,3034,3887,4729,5039
 ,Kildare,,,,,,,,,,,
 , ,Active Enterprises (Number),13,17,12,14,14,14,16,15,17,17
 , ,Persons Engaged (Number),14130,14744,11911,11754,11610,12012,12903,13792,13240,12942
 , ,Employees (Number),14130,14744,11911,11754,11610,12012,12903,13792,13240,12942
 ,Kilkenny,,,,,,,,,,,
 , ,Active Enterprises (Number),..,..,..,..,..,3,3,3,3,3
 , ,Persons Engaged (Number),..,..,..,..,..,2746,2818,2881,2274,2341
 , ,Employees (Number),..,..,..,..,..,2746,2818,2881,2274,2341
 ,Laois,,,,,,,,,,,
 , ,Active Enterprises (Number),..,..,..,..,..,..,..,..,..,..
 , ,Persons Engaged (Number),..,..,..,..,..,..,..,..,..,..
 , ,Employees (Number),..,..,..,..,..,..,..,..,..,..
 ,Leitrim,,,,,,,,,,,
 , ,Active Enterprises (Number),3,3,3,3,3,..,0,..,..,..
 , ,Persons Engaged (Number),1284,1258,1182,997,776,..,0,..,..,..
 , ,Employees (Number),1284,1258,1182,997,776,..,0,..,..,..
 ,Limerick,,,,,,,,,,,
 , ,Active Enterprises (Number),15,15,13,12,12,12,14,12,15,15
 , ,Persons Engaged (Number),14275,10922,8529,8139,7643,7907,8875,7946,10387,10798
 , ,Employees (Number),14273,10922,8528,8138,7642,7906,8874,7946,10387,10798
 ,Longford,,,,,,,,,,,
 , ,Active Enterprises (Number),..,..,..,..,..,..,..,..,..,..
 , ,Persons Engaged (Number),..,..,..,..,..,..,..,..,..,..
 , ,Employees (Number),..,..,..,..,..,..,..,..,..,..
 ,Louth,,,,,,,,,,,
 , ,Active Enterprises (Number),6,6,5,4,5,5,5,6,8,10
 , ,Persons Engaged (Number),2476,2157,1833,1494,1816,1943,1853,2438,3121,3920
 , ,Employees (Number),2476,2157,1833,1494,1816,1943,1853,2438,3121,3920
 ,Mayo,,,,,,,,,,,
 , ,Active Enterprises (Number),7,6,7,7,7,7,6,7,7,8
 , ,Persons Engaged (Number),3930,3582,3947,4046,4177,4237,4078,4612,4804,5389
 , ,Employees (Number),3928,3580,3945,4044,4175,4235,4078,4612,4804,5389
 ,Meath,,,,,,,,,,,
 , ,Active Enterprises (Number),4,6,7,8,9,9,9,12,13,10
 , ,Persons Engaged (Number),1283,2499,2808,3109,3417,3533,3670,4972,5604,3791
 , ,Employees (Number),1283,2499,2808,3109,3417,3533,3670,4972,5604,3791
 ,Monaghan,,,,,,,,,,,
 , ,Active Enterprises (Number),..,..,..,..,..,4,4,4,4,3
 , ,Persons Engaged (Number),..,..,..,..,..,1772,1854,1914,2048,1208
 , ,Employees (Number),..,..,..,..,..,1772,1854,1914,2048,1208
 ,Offaly,,,,,,,,,,,
 , ,Active Enterprises (Number),4,..,..,..,..,..,3,3,3,4
 , ,Persons Engaged (Number),2033,..,..,..,..,..,2080,1653,1704,2029
 , ,Employees (Number),2033,..,..,..,..,..,2080,1653,1704,2029
 ,Roscommon,,,,,,,,,,,
 , ,Active Enterprises (Number),..,..,..,..,..,..,..,..,0,..
 , ,Persons Engaged (Number),..,..,..,..,..,..,..,..,0,..
 , ,Employees (Number),..,..,..,..,..,..,..,..,0,..
 ,Sligo,,,,,,,,,,,
 , ,Active Enterprises (Number),..,..,4,4,..,..,4,4,4,5
 , ,Persons Engaged (Number),..,..,4506,4634,..,..,3663,3639,3796,4271
 , ,Employees (Number),..,..,4506,4634,..,..,3663,3639,3796,4271
 ,Tipperary,,,,,,,,,,,
 , ,Active Enterprises (Number),12,11,11,10,11,12,11,11,10,12
 , ,Persons Engaged (Number),5389,4161,3962,3867,4155,4556,4859,5021,5546,6259
 , ,Employees (Number),5387,4159,3960,3865,4153,4554,4857,5019,5546,6259
 ,Waterford,,,,,,,,,,,
 , ,Active Enterprises (Number),16,14,14,14,15,16,16,16,18,17
 , ,Persons Engaged (Number),9107,7756,7623,7641,7193,7770,7451,7655,8808,9551
 , ,Employees (Number),9107,7756,7623,7641,7193,7770,7451,7655,8808,9551
 ,Westmeath,,,,,,,,,,,
 , ,Active Enterprises (Number),..,..,..,..,..,..,3,4,6,9
 , ,Persons Engaged (Number),..,..,..,..,..,..,1144,1435,2094,3064
 , ,Employees (Number),..,..,..,..,..,..,1144,1435,2094,3064
 ,Wexford,,,,,,,,,,,
 , ,Active Enterprises (Number),7,6,6,8,8,10,10,13,14,15
 , ,Persons Engaged (Number),2918,2544,2593,3599,3660,4199,4226,5459,5906,6539
 , ,Employees (Number),2917,2544,2593,3599,3660,4199,4226,5459,5906,6539
 ,Wicklow,,,,,,,,,,,
 , ,Active Enterprises (Number),8,7,7,7,6,6,5,7,7,7
 , ,Persons Engaged (Number),4647,4339,4646,4817,4572,4430,2891,3780,3863,4315
 , ,Employees (Number),4647,4339,4646,4817,4572,4430,2891,3780,3863,4315
,,,,,,,,,,,,
Geographical Breakdown for enterprises is an approximation. The ,,,,,,,,,,,,
county breakdown is based on the address at which an enterprise is ,,,,,,,,,,,,
"registered for Revenue purposes, rather than where the business ",,,,,,,,,,,,
"actually operates from, because no comprehensive administrative data ",,,,,,,,,,,,
"source is currently available for business locations. In particular, ",,,,,,,,,,,,
"where an enterprise has local units in several counties, but one head ",,,,,,,,,,,,
"office where all employment is registered, all its employees will be ",,,,,,,,,,,,
counted against the county where the head office is located. ,,,,,,,,,,,,
Enterprises where the county location is categorised as Unknown ,,,,,,,,,,,,
generally have Revenue registered addresses outside of the Republic ,,,,,,,,,,,,
"of Ireland. However, the employees registered with these addresses ",,,,,,,,,,,,
are working in the Republic of Ireland.  ,,,,,,,,,,,,
NACE Code 64.20 Activities of holding companies is excluded from ,,,,,,,,,,,,
Sector K. .. indicates that the data has been suppressed to protect ,,,,,,,,,,,,
the confidentiality of individual enterprises. ,,,,,,,,,,,,
(http://www.cso.ie/en/methods/multisectoral/businessdemography/)  See ,,,,,,,,,,,,
Background Notes  ,,,,,,,,,,,,
